title,original_title,year,duration_mins,rating,votes,countries_available,url,mubi_url
Across the Sea,Deniz Seviyesi,2014,98,6.8,1112,1,https://mubifinder.com/movie/across-the-sea-2014/,https://mubi.com/films/across-the-sea-2014
Hardcore,The Hardcore Life,1979,108,7.3,1689,1,https://mubifinder.com/movie/hardcore/,https://mubi.com/films/hardcore
Orphan,Árva,2025,133,7.9,528,61,https://mubifinder.com/movie/orphan-2025/,https://mubi.com/films/orphan-2025
Ticket of No Return,Bildnis einer Trinkerin. Aller jamais retour,1979,109,8.0,743,234,https://mubifinder.com/movie/ticket-of-no-return/,https://mubi.com/films/ticket-of-no-return
God is Shy,Dieu est timide,2025,16,9.0,843,206,https://mubifinder.com/movie/god-is-shy/,https://mubi.com/films/god-is-shy
Dorian Gray in the Mirror of the Yellow Press,Dorian Gray im Spiegel der Boulevardpresse,1984,152,7.7,152,234,https://mubifinder.com/movie/dorian-gray-in-the-mirror-of-the-yellow-press/,https://mubi.com/films/dorian-gray-in-the-mirror-of-the-yellow-press
7 piano sketches,,2026,15,7.9,263,248,https://mubifinder.com/movie/7-piano-sketches/,https://mubi.com/films/7-piano-sketches
The Rise and Fall and Rise of David,"Davut’un Önlenemeyen Yükselişi, Düşüşü ve Yeniden Yükselişi",2016,32,8.5,39,1,https://mubifinder.com/movie/the-rise-and-fall-and-rise-of-david/,https://mubi.com/films/the-rise-and-fall-and-rise-of-david
Kes,,1969,111,8.7,2824,16,https://mubifinder.com/movie/kes/,https://mubi.com/films/kes
Russian Ark,Русский ковчег,2002,96,7.8,3963,1,https://mubifinder.com/movie/russian-ark/,https://mubi.com/films/russian-ark
Alexandra,Aleksandra,2007,91,7.1,648,1,https://mubifinder.com/movie/alexandra/,https://mubi.com/films/alexandra
Life,,2015,107,7.3,1743,1,https://mubifinder.com/movie/life-2015/,https://mubi.com/films/life-2015
No Other Choice,어쩔수가없다,2025,139,8.8,23166,83,https://mubifinder.com/movie/no-other-choice/,https://mubi.com/films/no-other-choice
Infinite Football,Fotbal infinit,2018,70,6.6,637,159,https://mubifinder.com/movie/infinite-football/,https://mubi.com/films/infinite-football
Almost Certainly False,Neredeyse Kesinlikle Yanlış,2024,20,7.0,182,2,https://mubifinder.com/movie/almost-certainly-false/,https://mubi.com/films/almost-certainly-false
Blind,,2014,96,7.7,3674,4,https://mubifinder.com/movie/blind-2014/,https://mubi.com/films/blind-2014
The Vanishing,Spoorloos,1988,106,8.0,3273,1,https://mubifinder.com/movie/the-vanishing/,https://mubi.com/films/the-vanishing
The Zone of Interest,,2023,105,8.5,5271,26,https://mubifinder.com/movie/the-zone-of-interest/,https://mubi.com/films/the-zone-of-interest
In His Fortress,Onun Kalesinde,2023,21,7.7,606,2,https://mubifinder.com/movie/in-his-fortress/,https://mubi.com/films/in-his-fortress
Pacifiction,,2022,165,7.5,3470,192,https://mubifinder.com/movie/pacifiction/,https://mubi.com/films/pacifiction
Liberté,,2019,132,5.3,1488,211,https://mubifinder.com/movie/liberte/,https://mubi.com/films/liberte
Afternoons of Solitude,Tardes de soledad,2024,126,8.1,1696,165,https://mubifinder.com/movie/tardes-de-soledad/,https://mubi.com/films/tardes-de-soledad
Persepolis,,2007,96,8.8,22973,20,https://mubifinder.com/movie/persepolis/,https://mubi.com/films/persepolis
Early Summer,麦秋 | Bakushū,1951,125,8.8,1613,4,https://mubifinder.com/movie/early-summer/,https://mubi.com/films/early-summer
Tokyo Story,東京物語 | Tōkyō Monogatari,1953,137,9.1,9840,4,https://mubifinder.com/movie/tokyo-story/,https://mubi.com/films/tokyo-story
Late Spring,晩春 | Banshun,1949,108,8.9,4339,4,https://mubifinder.com/movie/late-spring/,https://mubi.com/films/late-spring
Good Morning,お早よう | Ohayō,1959,94,8.6,4443,1,https://mubifinder.com/movie/good-morning/,https://mubi.com/films/good-morning
Tokyo Twilight,東京暮色 | Tōkyō boshoku,1957,141,8.8,1137,1,https://mubifinder.com/movie/tokyo-twilight/,https://mubi.com/films/tokyo-twilight
Flavor of Green Tea Over Rice,お茶漬けの味 | Ochazuke no aji,1952,116,8.1,753,1,https://mubifinder.com/movie/flavor-of-green-tea-over-rice/,https://mubi.com/films/flavor-of-green-tea-over-rice
The Only Son,一人息子 | Hitori musuko,1936,83,8.5,775,1,https://mubifinder.com/movie/the-only-son/,https://mubi.com/films/the-only-son
Hesitation Wound,Tereddüt Çizgisi,2023,84,8.1,6519,2,https://mubifinder.com/movie/hesitation-wound/,https://mubi.com/films/hesitation-wound
Between Two Dawns,İki Şafak Arasında,2021,130,8.3,5194,2,https://mubifinder.com/movie/between-two-dawns/,https://mubi.com/films/between-two-dawns
Freak Orlando,,1981,127,6.9,381,234,https://mubifinder.com/movie/freak-orlando/,https://mubi.com/films/freak-orlando
"To Wong Foo, Thanks for Everything! Julie Newmar",,1995,108,8.5,1752,49,https://mubifinder.com/movie/to-wong-foo-thanks-for-everything-julie-newmar/,https://mubi.com/films/to-wong-foo-thanks-for-everything-julie-newmar
The Color of Pomegranates,Նռան գույնը | Nran Guyne | Sayat Nova,1969,77,8.8,10831,166,https://mubifinder.com/movie/the-color-of-pomegranates/,https://mubi.com/films/the-color-of-pomegranates
Sentimental Value,Affeksjonsverdi,2025,135,9.2,42524,58,https://mubifinder.com/movie/sentimental-value/,https://mubi.com/films/sentimental-value
Ziba,,2015,10,5.6,68,1,https://mubifinder.com/movie/ziba-2015/,https://mubi.com/films/ziba-2015
"sex, lies and videotape",,1989,100,7.5,5040,1,https://mubifinder.com/movie/sex-lies-and-videotape/,https://mubi.com/films/sex-lies-and-videotape
Taxi Driver,,1976,114,8.8,36709,1,https://mubifinder.com/movie/taxi-driver/,https://mubi.com/films/taxi-driver
Peter Hujar’s Day,,2025,76,7.5,1542,155,https://mubifinder.com/movie/peter-hujar-s-day/,https://mubi.com/films/peter-hujar-s-day
This Is Spinal Tap,,1984,83,7.9,8837,1,https://mubifinder.com/movie/this-is-spinal-tap/,https://mubi.com/films/this-is-spinal-tap
Blade Runner 2049,,2017,155,7.8,6017,1,https://mubifinder.com/movie/blade-runner-2049/,https://mubi.com/films/blade-runner-2049
Mermaids,,1990,110,8.4,7325,27,https://mubifinder.com/movie/mermaids/,https://mubi.com/films/mermaids
Moonstruck,,1987,102,8.3,10260,30,https://mubifinder.com/movie/moonstruck/,https://mubi.com/films/moonstruck
This Is Not a Film,In film nist,2011,79,8.3,2193,42,https://mubifinder.com/movie/this-is-not-a-film/,https://mubi.com/films/this-is-not-a-film
Chess of the Wind,Shatranj-e baad,1976,100,7.9,2093,150,https://mubifinder.com/movie/chess-of-the-wind/,https://mubi.com/films/chess-of-the-wind
Fish & Cat,Mahi va Gorbeh,2013,141,6.1,189,1,https://mubifinder.com/movie/fish-cat/,https://mubi.com/films/fish-cat
The Cow,Gav,1969,105,8.5,1937,1,https://mubifinder.com/movie/the-cow/,https://mubi.com/films/the-cow
Ema,,2019,113,8.0,28586,168,https://mubifinder.com/movie/ema-2019/,https://mubi.com/films/ema-2019
Snow and the Bear,Kar ve Ayı,2022,94,7.8,452,1,https://mubifinder.com/movie/snow-and-the-bear/,https://mubi.com/films/snow-and-the-bear
GENER8ION: STORM starring Yung Lean [MV],,2026,8,9.1,3595,248,https://mubifinder.com/movie/gener8ion-storm-starring-yung-lean-mv/,https://mubi.com/films/gener8ion-storm-starring-yung-lean-mv
The Mysterious Gaze of the Flamingo,La misteriosa mirada del flamenco,2025,108,8.8,3991,97,https://mubifinder.com/movie/the-mysterious-gaze-of-the-flamingo/,https://mubi.com/films/the-mysterious-gaze-of-the-flamingo
Marie Antoinette,,2006,123,6.9,8905,1,https://mubifinder.com/movie/marie-antoinette/,https://mubi.com/films/marie-antoinette
Tenere,,2020,93,9.0,2016,1,https://mubifinder.com/movie/tenere/,https://mubi.com/films/tenere
The Braves,Entre les vagues,2021,100,8.6,2782,145,https://mubifinder.com/movie/the-braves/,https://mubi.com/films/the-braves
While We're Young,,2014,98,7.2,11161,6,https://mubifinder.com/movie/while-we-re-young/,https://mubi.com/films/while-we-re-young
La grazia,,2025,133,9.1,12152,72,https://mubifinder.com/movie/la-grazia/,https://mubi.com/films/la-grazia
Bamako,,2006,117,8.5,673,196,https://mubifinder.com/movie/bamako/,https://mubi.com/films/bamako
Monangambééé,,1968,16,7.5,624,248,https://mubifinder.com/movie/monangambeee/,https://mubi.com/films/monangambeee
Abouna,,2002,84,7.8,985,247,https://mubifinder.com/movie/abouna/,https://mubi.com/films/abouna
The Blazing Sun,Siraa Fil-Wadi,1954,116,8.1,976,233,https://mubifinder.com/movie/the-blazing-sun-1954/,https://mubi.com/films/the-blazing-sun-1954
The Choice,Yam Daabo,1987,79,7.7,260,145,https://mubifinder.com/movie/the-choice/,https://mubi.com/films/the-choice
Chronicle of the Years of Fire,Chronique Des Années De Braise | Waqai Sanawat Al-Djamr,1975,178,9.1,673,145,https://mubifinder.com/movie/chronicle-of-the-years-of-fire/,https://mubi.com/films/chronicle-of-the-years-of-fire
It Was Nice to Meet You,Tanıştığıma Memnun Oldum,2025,31,9.4,126,1,https://mubifinder.com/movie/it-was-nice-to-meet-you/,https://mubi.com/films/it-was-nice-to-meet-you
And Life Goes On...,Zendegi va digar hich,1992,95,8.7,2292,1,https://mubifinder.com/movie/life-and-nothing-more/,https://mubi.com/films/life-and-nothing-more
Do the Right Thing,,1989,120,8.5,15771,49,https://mubifinder.com/movie/do-the-right-thing/,https://mubi.com/films/do-the-right-thing
Bones and All,,2022,131,7.6,4531,47,https://mubifinder.com/movie/bones-and-all/,https://mubi.com/films/bones-and-all
Ice Cream,Dondurma,2014,16,8.0,1670,2,https://mubifinder.com/movie/ice-cream-2014/,https://mubi.com/films/ice-cream-2014
Musa,,2012,18,6.7,1650,2,https://mubifinder.com/movie/musa/,https://mubi.com/films/musa
The Criminals,Suçlular,2020,24,8.2,6042,2,https://mubifinder.com/movie/the-criminals-2020/,https://mubi.com/films/the-criminals-2020
Bicycle,Bisqilet,2010,17,7.7,1337,2,https://mubifinder.com/movie/bicycle-2010/,https://mubi.com/films/bicycle-2010
A Poet,Un Poeta,2025,123,9.1,1665,1,https://mubifinder.com/movie/a-poet-2025/,https://mubi.com/films/a-poet-2025
Serpico,,1973,130,8.0,3818,1,https://mubifinder.com/movie/serpico/,https://mubi.com/films/serpico
Sound of Falling,In die Sonne schauen,2025,155,8.2,2379,55,https://mubifinder.com/movie/sound-of-falling/,https://mubi.com/films/sound-of-falling
Agon,,2025,100,8.1,1297,248,https://mubifinder.com/movie/agon-2025/,https://mubi.com/films/agon-2025
Easy Rider,,1969,96,7.6,5073,1,https://mubifinder.com/movie/easy-rider/,https://mubi.com/films/easy-rider
Five Easy Pieces,,1970,98,8.0,3146,1,https://mubifinder.com/movie/five-easy-pieces/,https://mubi.com/films/five-easy-pieces
Shadow,影 | Ying,2018,116,7.8,858,16,https://mubifinder.com/movie/shadow-2018/,https://mubi.com/films/shadow-2018
Hugo,,2011,121,7.2,6244,4,https://mubifinder.com/movie/hugo/,https://mubi.com/films/hugo
Green Vinyl,Vinil Verde,2005,17,7.7,7025,230,https://mubifinder.com/movie/vinil-verde/,https://mubi.com/films/vinil-verde
Cold Tropics,Recife Frio,2009,25,8.8,5934,230,https://mubifinder.com/movie/cold-tropics/,https://mubi.com/films/cold-tropics
Friday Night Saturday Morning,"Noite de sexta, manhã de sábado",2006,16,7.0,2482,230,https://mubifinder.com/movie/friday-night-saturday-morning/,https://mubi.com/films/friday-night-saturday-morning
Eletrodoméstica,,2005,23,8.4,4196,230,https://mubifinder.com/movie/eletrodomestica/,https://mubi.com/films/eletrodomestica
Bacurau,,2019,131,8.4,12687,18,https://mubifinder.com/movie/bacurau/,https://mubi.com/films/bacurau
Aquarius,,2016,146,8.2,2413,1,https://mubifinder.com/movie/aquarius/,https://mubi.com/films/aquarius
Pompei: Below the Clouds,Sotto le nuvole,2025,114,8.6,3513,166,https://mubifinder.com/movie/pompei-below-the-clouds/,https://mubi.com/films/pompei-below-the-clouds
Endless Cookie,,2025,97,8.3,706,247,https://mubifinder.com/movie/endless-cookie/,https://mubi.com/films/endless-cookie
The Gold Rush,,1925,72,8.8,6994,1,https://mubifinder.com/movie/the-gold-rush/,https://mubi.com/films/the-gold-rush
Bitter Coffee,Acı Kahve,2024,92,7.1,430,1,https://mubifinder.com/movie/bitter-coffee-2024/,https://mubi.com/films/bitter-coffee-2024
Cheers to the End,Aç Karnına Çıkmayalım,2023,15,6.3,239,1,https://mubifinder.com/movie/cheers-to-the-end/,https://mubi.com/films/cheers-to-the-end
Magallanes,,2015,109,8.6,2093,1,https://mubifinder.com/movie/magallanes/,https://mubi.com/films/magallanes
28 Days Later,,2002,109,7.4,9955,1,https://mubifinder.com/movie/28-days-later/,https://mubi.com/films/28-days-later
My Father's Shadow,,2025,93,8.9,5565,161,https://mubifinder.com/movie/my-father-s-shadow/,https://mubi.com/films/my-father-s-shadow
Lizard,,2020,18,7.8,1027,248,https://mubifinder.com/movie/lizard-2020/,https://mubi.com/films/lizard-2020
Dream Scenario,,2023,102,7.4,2809,3,https://mubifinder.com/movie/dream-scenario/,https://mubi.com/films/dream-scenario
Longlegs,,2024,97,6.3,1491,1,https://mubifinder.com/movie/longlegs/,https://mubi.com/films/longlegs
Glass Curtain,Cam Perde,2023,86,7.3,2046,1,https://mubifinder.com/movie/glass-curtain/,https://mubi.com/films/glass-curtain
Fractured,Çatlak,2020,82,8.1,8887,1,https://mubifinder.com/movie/fractured-2020/,https://mubi.com/films/fractured-2020
Yellow Heat,Sarı Sıcak,2017,85,7.0,753,1,https://mubifinder.com/movie/yellow-heat/,https://mubi.com/films/yellow-heat
On the Waterfront,,1954,108,8.3,6150,1,https://mubifinder.com/movie/on-the-waterfront/,https://mubi.com/films/on-the-waterfront
Sans soleil,,1983,104,9.0,15351,186,https://mubifinder.com/movie/sans-soleil/,https://mubi.com/films/sans-soleil
Fruits of Passion,Les fruits de la passion,1981,79,6.6,6320,239,https://mubifinder.com/movie/fruits-of-passion/,https://mubi.com/films/fruits-of-passion
Empire of Passion,Ai no borei | 愛の亡霊,1978,105,7.6,6598,173,https://mubifinder.com/movie/empire-of-passion/,https://mubi.com/films/empire-of-passion
In the Realm of the Senses,愛のコリーダ | Ai no korīda,1976,102,7.8,15996,173,https://mubifinder.com/movie/in-the-realm-of-the-senses/,https://mubi.com/films/in-the-realm-of-the-senses
The Beast,La Bête,1975,98,6.3,6862,210,https://mubifinder.com/movie/la-bete/,https://mubi.com/films/la-bete
The Big Feast,La grande bouffe,1973,131,8.0,5077,179,https://mubifinder.com/movie/la-grande-bouffe/,https://mubi.com/films/la-grande-bouffe
Mouchette,,1967,81,8.4,10499,185,https://mubifinder.com/movie/mouchette/,https://mubi.com/films/mouchette
2 or 3 Things I Know About Her,2 ou 3 choses que je sais d'elle,1967,88,7.5,9101,187,https://mubifinder.com/movie/2-or-3-things-i-know-about-her/,https://mubi.com/films/2-or-3-things-i-know-about-her
Masculin Féminin,Masculin féminin: 15 faits précis,1966,105,8.1,19557,181,https://mubifinder.com/movie/masculin-feminin/,https://mubi.com/films/masculin-feminin
Au hasard Balthazar,,1966,96,8.5,13154,154,https://mubifinder.com/movie/au-hasard-balthazar/,https://mubi.com/films/au-hasard-balthazar
The Snails,Les escargots,1966,11,7.9,9224,235,https://mubifinder.com/movie/the-snails/,https://mubi.com/films/the-snails
...A Valparaíso,,1963,27,8.7,13895,248,https://mubifinder.com/movie/a-valparaiso/,https://mubi.com/films/a-valparaiso
"Muriel, or The Time of Return",Muriel ou le Temps d'un retour,1963,116,7.6,3040,216,https://mubifinder.com/movie/muriel-or-the-time-of-return/,https://mubi.com/films/muriel-or-the-time-of-return
La jetée,,1962,28,9.0,32977,174,https://mubifinder.com/movie/la-jetee/,https://mubi.com/films/la-jetee
Chronicle of a Summer,Chronique d'un été,1961,90,8.8,4713,221,https://mubifinder.com/movie/chronicle-of-a-summer/,https://mubi.com/films/chronicle-of-a-summer
Hiroshima mon amour,,1959,90,8.7,25161,174,https://mubifinder.com/movie/hiroshima-mon-amour/,https://mubi.com/films/hiroshima-mon-amour
Broadway by Light,,1958,10,7.7,5368,248,https://mubifinder.com/movie/broadway-by-light/,https://mubi.com/films/broadway-by-light
Letter from Siberia,Lettre de Sibérie,1958,61,8.4,3189,202,https://mubifinder.com/movie/letter-from-siberia/,https://mubi.com/films/letter-from-siberia
Night and Fog,Nuit et brouillard,1956,33,9.4,22700,184,https://mubifinder.com/movie/night-and-fog/,https://mubi.com/films/night-and-fog
A Strange Colour of Dream,,2024,74,7.2,65,1,https://mubifinder.com/movie/a-strange-colour-of-dream/,https://mubi.com/films/a-strange-colour-of-dream
Eve the Killer Momentary Documentary,,2025,16,7.0,90,1,https://mubifinder.com/movie/eve-the-killer-momentary-documentary/,https://mubi.com/films/eve-the-killer-momentary-documentary
The Girl from the Marsh Croft,,1934,76,8.7,333,1,https://mubifinder.com/movie/aysel-the-daughter-of-the-marsh/,https://mubi.com/films/aysel-the-daughter-of-the-marsh
Short Sharp Shock,Kurz und Schmerzlos,1998,100,8.0,10383,192,https://mubifinder.com/movie/short-sharp-shock/,https://mubi.com/films/short-sharp-shock
Trainspotting,,1996,94,8.1,29722,1,https://mubifinder.com/movie/trainspotting/,https://mubi.com/films/trainspotting
Kadıköy'ün En İyi Falcısı,,2023,16,6.5,1315,1,https://mubifinder.com/movie/kadikoy-un-en-iyi-falcisi/,https://mubi.com/films/kadikoy-un-en-iyi-falcisi
At Berkeley,,2013,244,8.2,350,215,https://mubifinder.com/movie/at-berkeley/,https://mubi.com/films/at-berkeley
Apollon by Day Athena by Night,Gündüz Apollon Gece Athena,2024,113,8.4,2166,1,https://mubifinder.com/movie/apollon-by-day-athena-by-night/,https://mubi.com/films/apollon-by-day-athena-by-night
Androktones,,2018,9,6.6,165,1,https://mubifinder.com/movie/androktones/,https://mubi.com/films/androktones
Whores' Glory,,2011,119,8.3,4907,204,https://mubifinder.com/movie/whores-glory/,https://mubi.com/films/whores-glory
Utøya - July 22,Utøya 22. Juli,2018,93,8.2,2781,1,https://mubifinder.com/movie/u-july-22/,https://mubi.com/films/u-july-22
The Store,,1983,119,8.1,565,215,https://mubifinder.com/movie/the-store/,https://mubi.com/films/the-store
Sweet Country,,2017,113,8.0,694,1,https://mubifinder.com/movie/sweet-country-2017/,https://mubi.com/films/sweet-country-2017
A Regular Woman,Nur eine Frau,2019,93,9.1,4030,191,https://mubifinder.com/movie/a-regular-woman/,https://mubi.com/films/a-regular-woman
City Hall,,2020,275,8.0,360,213,https://mubifinder.com/movie/city-hall-2020/,https://mubi.com/films/city-hall-2020
Model,,1980,130,8.0,431,215,https://mubifinder.com/movie/model/,https://mubi.com/films/model
Law and Order,,1969,82,8.4,632,215,https://mubifinder.com/movie/law-and-order/,https://mubi.com/films/law-and-order
High School,,1968,75,8.4,1299,215,https://mubifinder.com/movie/high-school/,https://mubi.com/films/high-school
In Jackson Heights,,2015,181,8.3,411,215,https://mubifinder.com/movie/in-jackson-heights/,https://mubi.com/films/in-jackson-heights
Aspen,,1991,147,7.6,255,215,https://mubifinder.com/movie/aspen/,https://mubi.com/films/aspen
Bullhead,Rundskop,2011,124,7.6,1403,1,https://mubifinder.com/movie/bullhead/,https://mubi.com/films/bullhead
Otherwise in Istanbul,Bazen Hep Birlikte,2024,76,8.4,200,1,https://mubifinder.com/movie/otherwise-in-istanbul/,https://mubi.com/films/otherwise-in-istanbul
Tülay German: Years of Fire and Cinders,Tülay German: Kor ve Ateş Yılları,2010,51,9.0,775,1,https://mubifinder.com/movie/tulay-german-years-of-fire-and-cinders/,https://mubi.com/films/tulay-german-years-of-fire-and-cinders
Being John Malkovich,,1999,113,8.2,31257,49,https://mubifinder.com/movie/being-john-malkovich/,https://mubi.com/films/being-john-malkovich
Corsage,,2022,114,7.9,5440,100,https://mubifinder.com/movie/corsage/,https://mubi.com/films/corsage
Offside,,2006,92,8.5,3689,218,https://mubifinder.com/movie/offside/,https://mubi.com/films/offside
The White Balloon,Badkonake sefid,1995,84,8.7,5446,232,https://mubifinder.com/movie/the-white-balloon/,https://mubi.com/films/the-white-balloon
No Bears,خرس نیست | Khers Nist,2022,107,8.6,1525,33,https://mubifinder.com/movie/no-bears/,https://mubi.com/films/no-bears
3 Faces,سه چهره | Se rokh,2018,101,8.2,2716,51,https://mubifinder.com/movie/3-faces-2018/,https://mubi.com/films/3-faces-2018
Taxi Tehran,تاکسی | Taxi,2015,82,8.6,6746,58,https://mubifinder.com/movie/taxi-tehran-2015/,https://mubi.com/films/taxi-tehran-2015
Closed Curtain,Pardé,2013,102,7.3,961,92,https://mubifinder.com/movie/closed-curtain/,https://mubi.com/films/closed-curtain
Crimson Gold,Talaye Sorgh | طلای سرخ,2003,96,8.2,2726,90,https://mubifinder.com/movie/crimson-gold/,https://mubi.com/films/crimson-gold
The Circle,Dayereh,2000,91,8.3,2511,90,https://mubifinder.com/movie/the-circle/,https://mubi.com/films/the-circle
The Mirror,Ayneh,1997,94,8.4,2057,90,https://mubifinder.com/movie/the-mirror-1997/,https://mubi.com/films/the-mirror-1997
Discipline,Miu Miu Women's Tales #31,2026,14,7.8,2607,248,https://mubifinder.com/movie/discipline-2026/,https://mubi.com/films/discipline-2026
Madeinusa,,2006,100,7.4,541,162,https://mubifinder.com/movie/madeinusa/,https://mubi.com/films/madeinusa
The Capsule,,2012,36,6.3,4945,226,https://mubifinder.com/movie/the-capsule/,https://mubi.com/films/the-capsule
Chevalier,,2015,105,6.8,1655,194,https://mubifinder.com/movie/chevalier/,https://mubi.com/films/chevalier
Home Cooking,Aç Açına,2024,15,6.0,189,1,https://mubifinder.com/movie/home-cooking-2024/,https://mubi.com/films/home-cooking-2024
Wild Women of Anatolia,Anadolu'nun Deli Kadınları,2024,89,8.5,279,1,https://mubifinder.com/movie/wild-women-of-anatolia/,https://mubi.com/films/wild-women-of-anatolia
It Was Just an Accident,Yek tasadof-e sadeh,2025,104,8.7,21633,70,https://mubifinder.com/movie/it-was-just-an-accident/,https://mubi.com/films/it-was-just-an-accident
Wadjda,,2012,97,8.8,9236,173,https://mubifinder.com/movie/wadjda/,https://mubi.com/films/wadjda
We Need to Talk About Kevin,,2011,113,8.6,39172,48,https://mubifinder.com/movie/we-need-to-talk-about-kevin/,https://mubi.com/films/we-need-to-talk-about-kevin
Millennium Mambo,千禧曼波  | Qian xi man po,2001,105,7.6,3492,22,https://mubifinder.com/movie/millennium-mambo/,https://mubi.com/films/millennium-mambo
Ingrid Goes West,,2017,98,6.9,3275,49,https://mubifinder.com/movie/ingrid-goes-west/,https://mubi.com/films/ingrid-goes-west
Thoroughbreds,Thoroughbred,2017,93,7.1,4157,49,https://mubifinder.com/movie/thoroughbred/,https://mubi.com/films/thoroughbred
Fargo,,1996,98,8.6,42742,16,https://mubifinder.com/movie/fargo/,https://mubi.com/films/fargo
The Silence of the Lambs,,1991,119,8.4,34057,47,https://mubifinder.com/movie/the-silence-of-the-lambs/,https://mubi.com/films/the-silence-of-the-lambs
Midnight Cowboy,,1969,113,8.6,8658,47,https://mubifinder.com/movie/midnight-cowboy/,https://mubi.com/films/midnight-cowboy
In the Heat of the Night,,1967,110,8.1,2127,27,https://mubifinder.com/movie/in-the-heat-of-the-night/,https://mubi.com/films/in-the-heat-of-the-night
Lawrence of Arabia,,1962,227,8.3,10211,1,https://mubifinder.com/movie/lawrence-of-arabia/,https://mubi.com/films/lawrence-of-arabia
Close Encounters of the Third Kind,,1977,137,7.6,6230,1,https://mubifinder.com/movie/close-encounters-of-the-third-kind/,https://mubi.com/films/close-encounters-of-the-third-kind
Nickel Boys,,2024,140,8.2,1243,30,https://mubifinder.com/movie/nickel-boys/,https://mubi.com/films/nickel-boys
Father Mother Sister Brother,,2025,110,7.9,13029,67,https://mubifinder.com/movie/father-mother-sister-brother/,https://mubi.com/films/father-mother-sister-brother
Félicité,,2017,124,8.0,1354,19,https://mubifinder.com/movie/felicite/,https://mubi.com/films/felicite
All That Jazz,,1979,123,8.3,2872,1,https://mubifinder.com/movie/all-that-jazz/,https://mubi.com/films/all-that-jazz
Pictures of Ghosts,Retratos Fantasmas,2023,93,8.7,1926,242,https://mubifinder.com/movie/pictures-of-ghosts/,https://mubi.com/films/pictures-of-ghosts
A Dream Longer Than the Night,Un rêve plus long que la nuit,1976,82,6.8,397,205,https://mubifinder.com/movie/a-dream-longer-than-the-night/,https://mubi.com/films/a-dream-longer-than-the-night
Being John Smith,,2024,27,8.3,988,247,https://mubifinder.com/movie/being-john-smith/,https://mubi.com/films/being-john-smith
A House Made of Splinters,,2022,87,8.0,110,1,https://mubifinder.com/movie/a-house-made-of-splinters/,https://mubi.com/films/a-house-made-of-splinters
12 Hours,,2022,33,6.3,174,1,https://mubifinder.com/movie/12-hours-2022/,https://mubi.com/films/12-hours-2022
The Tower,,2018,73,8.9,839,1,https://mubifinder.com/movie/the-tower-2018-mats-grorud/,https://mubi.com/films/the-tower-2018-mats-grorud
The Servant,,1963,116,8.7,10630,16,https://mubifinder.com/movie/the-servant/,https://mubi.com/films/the-servant
Punch-Drunk Love,,2002,95,7.7,13390,1,https://mubifinder.com/movie/punch-drunk-love/,https://mubi.com/films/punch-drunk-love
Sirât,,2025,115,8.3,19346,65,https://mubifinder.com/movie/sirat/,https://mubi.com/films/sirat
Motel Destino,,2024,115,7.5,5382,157,https://mubifinder.com/movie/motel-destino/,https://mubi.com/films/motel-destino
Elena,Елена,2011,105,7.5,1975,1,https://mubifinder.com/movie/elena/,https://mubi.com/films/elena
When the Fog is Swept Away,Sisler Kovulunca,1986,41,9.2,263,1,https://mubifinder.com/movie/when-the-fog-is-swept-away/,https://mubi.com/films/when-the-fog-is-swept-away
Forty Thousand Steps in the Covered Bazaar,Kapalıçarşı'da Kırk Bin Adım,1980,29,9.1,432,1,https://mubifinder.com/movie/forty-thousand-steps-in-the-covered-bazaar/,https://mubi.com/films/forty-thousand-steps-in-the-covered-bazaar
Fatma of the Forest,Tahtacı Fatma,1979,28,9.6,963,1,https://mubifinder.com/movie/fatma-of-the-forest/,https://mubi.com/films/fatma-of-the-forest
The Ballad of the Wood,Ağacın Türküsü,1987,36,9.5,264,1,https://mubifinder.com/movie/the-ballad-of-the-wood/,https://mubi.com/films/the-ballad-of-the-wood
Three Days in Kula,Kula'da Üç Gün,1983,38,9.3,316,1,https://mubifinder.com/movie/three-days-in-kula/,https://mubi.com/films/three-days-in-kula
Erciyes'in Bereketi,,1987,31,9.3,220,1,https://mubifinder.com/movie/erciyes-in-bereketi/,https://mubi.com/films/erciyes-in-bereketi
Ozanlar ve Evler,,1987,30,9.3,229,1,https://mubifinder.com/movie/ozanlar-ve-evler/,https://mubi.com/films/ozanlar-ve-evler
A Serious Man,,2009,106,7.6,12070,3,https://mubifinder.com/movie/a-serious-man/,https://mubi.com/films/a-serious-man
Basic Instinct,,1992,128,7.6,13239,22,https://mubifinder.com/movie/basic-instinct/,https://mubi.com/films/basic-instinct
Inpaintings,Başlangıçlar,2023,92,7.5,971,1,https://mubifinder.com/movie/inpaintings/,https://mubi.com/films/inpaintings
Barbara,,2012,105,8.4,14296,162,https://mubifinder.com/movie/barbara-2012/,https://mubi.com/films/barbara-2012
The Practice,La Práctica,2023,95,6.7,5583,195,https://mubifinder.com/movie/the-practice-2023/,https://mubi.com/films/the-practice-2023
Transit,,2018,102,8.3,12797,130,https://mubifinder.com/movie/transit-2018/,https://mubi.com/films/transit-2018
Phoenix,,2014,100,8.6,17225,186,https://mubifinder.com/movie/phoenix-2014/,https://mubi.com/films/phoenix-2014
Jerichow,,2008,92,7.7,7119,192,https://mubifinder.com/movie/jerichow/,https://mubi.com/films/jerichow
Thief,,1981,123,7.9,2715,13,https://mubifinder.com/movie/thief/,https://mubi.com/films/thief
When the Shift Ends,Satışçının Bir Günü,2023,20,7.5,509,1,https://mubifinder.com/movie/when-the-shift-ends/,https://mubi.com/films/when-the-shift-ends
Groundhog Day,,1993,101,7.8,13955,1,https://mubifinder.com/movie/groundhog-day/,https://mubi.com/films/groundhog-day
Hannah Takes the Stairs,,2007,84,6.5,3494,241,https://mubifinder.com/movie/hannah-takes-the-stairs/,https://mubi.com/films/hannah-takes-the-stairs
The Tamed,Evcil,2023,19,6.7,597,1,https://mubifinder.com/movie/the-tamed/,https://mubi.com/films/the-tamed
Magnificent Obsession,,1954,108,7.5,2701,49,https://mubifinder.com/movie/magnificent-obsession/,https://mubi.com/films/magnificent-obsession
Chilly Scenes of Winter,Head Over Heels,1979,95,7.4,579,4,https://mubifinder.com/movie/chilly-scenes-of-winter/,https://mubi.com/films/chilly-scenes-of-winter
Touki Bouki,,1973,90,7.9,4177,191,https://mubifinder.com/movie/touki-bouki/,https://mubi.com/films/touki-bouki
"Blind Willow, Sleeping Woman","Saules aveugles, femme endormie",2022,118,8.6,1337,157,https://mubifinder.com/movie/blind-willow-sleeping-woman/,https://mubi.com/films/blind-willow-sleeping-woman
The Sweet East,,2023,105,7.4,3834,160,https://mubifinder.com/movie/the-sweet-east/,https://mubi.com/films/the-sweet-east
Die My Love,,2025,119,7.4,42318,106,https://mubifinder.com/movie/die-my-love/,https://mubi.com/films/die-my-love
The Cathedral,,2021,88,7.0,1637,203,https://mubifinder.com/movie/the-cathedral-2021/,https://mubi.com/films/the-cathedral-2021
Nights of Cabiria,Le Notti di Cabiria,1957,118,9.1,12197,1,https://mubifinder.com/movie/nights-of-cabiria/,https://mubi.com/films/nights-of-cabiria
Boom for Real: The Late Teenage Years of Jean-Michel Basquiat,,2017,79,8.0,844,160,https://mubifinder.com/movie/boom-for-real-the-late-teenage-years-of-jean-michel-basquiat/,https://mubi.com/films/boom-for-real-the-late-teenage-years-of-jean-michel-basquiat
When Harry Met Sally...,,1989,96,8.4,17096,18,https://mubifinder.com/movie/when-harry-met-sally/,https://mubi.com/films/when-harry-met-sally
Uncle Boonmee Who Can Recall His Past Lives,ลุงบุญมีระลึกชาติ | Loong Boonmee raleuk chat,2010,114,7.9,11168,17,https://mubifinder.com/movie/uncle-boonmee-who-can-recall-his-past-lives/,https://mubi.com/films/uncle-boonmee-who-can-recall-his-past-lives
Perfumed Nightmare,Mababangong Bangungot,1977,95,8.4,3864,234,https://mubifinder.com/movie/perfumed-nightmare/,https://mubi.com/films/perfumed-nightmare
Việt and Nam,Trong Lòng Đất,2024,129,8.0,1741,238,https://mubifinder.com/movie/viet-and-nam/,https://mubi.com/films/viet-and-nam
Notes of a Crocodile,,2024,18,5.3,1017,248,https://mubifinder.com/movie/notes-of-a-crocodile/,https://mubi.com/films/notes-of-a-crocodile
Tellurian Drama,,2020,26,7.4,863,248,https://mubifinder.com/movie/tellurian-drama/,https://mubi.com/films/tellurian-drama
Oxhide,Niu Pi,2005,109,7.5,576,247,https://mubifinder.com/movie/oxhide/,https://mubi.com/films/oxhide
Cemetery of Splendour,รักที่ขอนแก่น | Rak ti Khon Kaen,2015,122,8.1,4769,227,https://mubifinder.com/movie/cemetery-of-splendour/,https://mubi.com/films/cemetery-of-splendour
An Asian Ghost Story,,2023,37,7.8,1705,247,https://mubifinder.com/movie/an-asian-ghost-story/,https://mubi.com/films/an-asian-ghost-story
Pebbles,Koozhangal,2021,76,8.0,1315,247,https://mubifinder.com/movie/pebbles-2021/,https://mubi.com/films/pebbles-2021
Untitled 77-A,Muje 77-A,1977,6,6.9,1866,248,https://mubifinder.com/movie/untitled-77-a/,https://mubi.com/films/untitled-77-a
Dead Knot,死結 | Sijie,1969,18,6.3,1062,248,https://mubifinder.com/movie/dead-knot/,https://mubi.com/films/dead-knot
Blue Velvet,,1986,121,8.5,31318,47,https://mubifinder.com/movie/blue-velvet/,https://mubi.com/films/blue-velvet
Thelma & Louise,,1991,130,8.7,13484,33,https://mubifinder.com/movie/thelma-louise/,https://mubi.com/films/thelma-louise
Gerhard Richter Painting,,2012,98,8.6,1818,202,https://mubifinder.com/movie/gerhard-richter-painting/,https://mubi.com/films/gerhard-richter-painting
Yellow Smile,Sarı Tebessüm,1993,119,7.2,243,1,https://mubifinder.com/movie/yellow-smile/,https://mubi.com/films/yellow-smile
Drive My Car,ドライブ・マイ・カー,2021,179,9.0,64379,102,https://mubifinder.com/movie/drive-my-car/,https://mubi.com/films/drive-my-car
When I Saw You,Lamma Shoftak,2012,98,8.3,1313,181,https://mubifinder.com/movie/when-i-saw-you/,https://mubi.com/films/when-i-saw-you
Escapism,Kaçanlar,2024,15,7.5,717,1,https://mubifinder.com/movie/escapism-2024/,https://mubi.com/films/escapism-2024
Harvest of Light,Işığın Hasadı,2024,52,9.1,276,1,https://mubifinder.com/movie/harvest-of-light/,https://mubi.com/films/harvest-of-light
Mariner of the Mountains,Marinheiro das Montanhas,2021,98,8.7,4016,168,https://mubifinder.com/movie/mariner-of-the-mountains/,https://mubi.com/films/mariner-of-the-mountains
The Nile Hilton Incident,,2017,111,8.4,4166,142,https://mubifinder.com/movie/the-nile-hilton-incident/,https://mubi.com/films/the-nile-hilton-incident
Attenberg,,2010,98,7.4,8877,219,https://mubifinder.com/movie/attenberg/,https://mubi.com/films/attenberg
Blood of My Blood,Sangue del mio sangue,2015,109,7.1,1531,195,https://mubifinder.com/movie/blood-of-my-blood-2015/,https://mubi.com/films/blood-of-my-blood-2015
Corpo celeste,,2011,95,8.0,7309,212,https://mubifinder.com/movie/corpo-celeste/,https://mubi.com/films/corpo-celeste
Fists in the Pocket,I pugni in tasca,1965,110,8.3,3747,176,https://mubifinder.com/movie/fists-in-the-pocket/,https://mubi.com/films/fists-in-the-pocket
La ciénaga,,2001,101,8.3,12203,233,https://mubifinder.com/movie/la-cienaga/,https://mubi.com/films/la-cienaga
Paris Belongs to Us,Paris nous appartient,1961,142,7.4,1814,34,https://mubifinder.com/movie/paris-belongs-to-us/,https://mubi.com/films/paris-belongs-to-us
The 400 Blows,Les quatre cents coups,1959,96,9.0,48591,26,https://mubifinder.com/movie/the-400-blows/,https://mubi.com/films/the-400-blows
Appropriate Behavior,,2014,86,7.5,3716,209,https://mubifinder.com/movie/appropriate-behavior/,https://mubi.com/films/appropriate-behavior
Certain Women,,2016,107,7.9,2838,15,https://mubifinder.com/movie/certain-women-2016/,https://mubi.com/films/certain-women-2016
The Piano Accident,L'accident de piano,2025,88,7.5,8222,209,https://mubifinder.com/movie/l-accident-de-piano/,https://mubi.com/films/l-accident-de-piano
Superbad,,2007,113,6.9,4807,1,https://mubifinder.com/movie/superbad/,https://mubi.com/films/superbad
Reprise,,2006,107,8.2,25659,201,https://mubifinder.com/movie/reprise/,https://mubi.com/films/reprise
Closer,,2004,104,6.9,8319,1,https://mubifinder.com/movie/closer/,https://mubi.com/films/closer
Festen,,1998,101,9.1,35449,213,https://mubifinder.com/movie/festen/,https://mubi.com/films/festen
Plaza,,2020,82,6.8,170,1,https://mubifinder.com/movie/plaza/,https://mubi.com/films/plaza
The Blue Angel,Der blaue Engel,1930,110,8.2,3094,24,https://mubifinder.com/movie/the-blue-angel/,https://mubi.com/films/the-blue-angel
Metropolis,,1927,150,8.8,18776,27,https://mubifinder.com/movie/metropolis/,https://mubi.com/films/metropolis
Faust,Faust: Eine deutsche Volkssage,1926,108,8.7,2314,1,https://mubifinder.com/movie/faust-1926/,https://mubi.com/films/faust-1926
Exhibition,,2013,105,7.0,2021,214,https://mubifinder.com/movie/exhibition/,https://mubi.com/films/exhibition
Unrelated,,2007,96,7.1,9286,245,https://mubifinder.com/movie/unrelated/,https://mubi.com/films/unrelated
Archipelago,,2010,115,7.3,2579,183,https://mubifinder.com/movie/archipelago/,https://mubi.com/films/archipelago
Athlete,Atlet,2025,80,6.9,531,1,https://mubifinder.com/movie/athlete/,https://mubi.com/films/athlete
The Neon Demon,,2016,118,6.6,9498,14,https://mubifinder.com/movie/the-neon-demon/,https://mubi.com/films/the-neon-demon
Sometimes I Think About Dying,,2023,94,8.1,22731,51,https://mubifinder.com/movie/sometimes-i-think-about-dying-2023/,https://mubi.com/films/sometimes-i-think-about-dying-2023
The Mastermind,,2025,111,6.7,25665,234,https://mubifinder.com/movie/the-mastermind/,https://mubi.com/films/the-mastermind
Gabbeh,,1996,73,8.0,941,2,https://mubifinder.com/movie/gabbeh/,https://mubi.com/films/gabbeh
The Diary of an Exile,Bir Sürgünün Not Defteri: Misina,2025,73,9.4,346,1,https://mubifinder.com/movie/the-diary-of-an-exile/,https://mubi.com/films/the-diary-of-an-exile
A Dessert for Constance,Un dessert pour Constance,1981,61,8.5,1770,248,https://mubifinder.com/movie/un-dessert-pour-constance/,https://mubi.com/films/un-dessert-pour-constance
Night Moves,,2013,113,7.1,9165,218,https://mubifinder.com/movie/night-moves-2013/,https://mubi.com/films/night-moves-2013
Old Joy,,2006,74,7.5,9254,186,https://mubifinder.com/movie/old-joy/,https://mubi.com/films/old-joy
River of Grass,,1994,76,7.3,5031,214,https://mubifinder.com/movie/river-of-grass/,https://mubi.com/films/river-of-grass
AliEN0089,,2023,22,6.8,1398,248,https://mubifinder.com/movie/alien0089/,https://mubi.com/films/alien0089
2015,,2024,57,9.4,18459,101,https://mubifinder.com/movie/episode-1-2015/,https://mubi.com/films/episode-1-2015
Wherever the Path Takes Us,Yol Bizi Nereye Götürürse,2023,17,7.3,485,1,https://mubifinder.com/movie/wherever-the-path-takes-us/,https://mubi.com/films/wherever-the-path-takes-us
Morî,,2024,19,8.5,800,1,https://mubifinder.com/movie/mori/,https://mubi.com/films/mori
Wetlands,Feuchtgebiete,2013,109,6.8,2668,183,https://mubifinder.com/movie/wetlands-2013/,https://mubi.com/films/wetlands-2013
Oray,,2019,101,7.2,309,1,https://mubifinder.com/movie/oray/,https://mubi.com/films/oray
Sexual Drive,,2021,70,6.8,8454,247,https://mubifinder.com/movie/sexual-drive/,https://mubi.com/films/sexual-drive
Nosferatu,Nosferatu – Eine Symphonie des Grauens,1922,95,8.4,14884,21,https://mubifinder.com/movie/nosferatu/,https://mubi.com/films/nosferatu
The Last Laugh,Der letzte Mann,1924,90,8.8,3591,1,https://mubifinder.com/movie/the-last-laugh/,https://mubi.com/films/the-last-laugh
The Cabinet of Dr. Caligari,Das Cabinet des Dr. Caligari,1920,77,8.5,7720,1,https://mubifinder.com/movie/the-cabinet-of-dr-caligari/,https://mubi.com/films/the-cabinet-of-dr-caligari
The Lovers on the Bridge,Les Amants du Pont-Neuf,1991,126,8.7,9771,23,https://mubifinder.com/movie/the-lovers-on-the-bridge/,https://mubi.com/films/the-lovers-on-the-bridge
Hysteria,,2025,104,8.0,1299,1,https://mubifinder.com/movie/hysteria-2025/,https://mubi.com/films/hysteria-2025
Flux Gourmet,,2022,111,7.4,1083,200,https://mubifinder.com/movie/flux-gourmet/,https://mubi.com/films/flux-gourmet
Boiling Point,,2021,95,8.1,2024,1,https://mubifinder.com/movie/boiling-point-2021/,https://mubi.com/films/boiling-point-2021
The Loneliest Planet,,2011,113,6.5,5498,195,https://mubifinder.com/movie/the-loneliest-planet/,https://mubi.com/films/the-loneliest-planet
MimiRap,,2023,7,6.5,158,1,https://mubifinder.com/movie/mimirap/,https://mubi.com/films/mimirap
Neredesin,,2017,8,5.7,141,1,https://mubifinder.com/movie/neredesin/,https://mubi.com/films/neredesin
Lost in the Post,,2011,5,4.8,235,1,https://mubifinder.com/movie/lost-in-the-post/,https://mubi.com/films/lost-in-the-post
Any Time in October,Ekim'de Hiçbir Kere,2006,26,3.8,142,1,https://mubifinder.com/movie/any-time-in-october/,https://mubi.com/films/any-time-in-october
Song of Sea,Deniz Türküsü,2001,4,7.0,189,1,https://mubifinder.com/movie/song-of-sea/,https://mubi.com/films/song-of-sea
Magic Farm,,2025,93,7.5,13534,244,https://mubifinder.com/movie/magic-farm/,https://mubi.com/films/magic-farm
Fragments for Venus,Miu Miu Women's Tales #30,2025,21,8.1,3775,248,https://mubifinder.com/movie/fragments-for-venus/,https://mubi.com/films/fragments-for-venus
Martin Eden,,2019,129,8.4,10471,117,https://mubifinder.com/movie/martin-eden/,https://mubi.com/films/martin-eden
Lost and Beautiful,Bella e perduta,2015,88,8.2,1585,169,https://mubifinder.com/movie/lost-and-beautiful/,https://mubi.com/films/lost-and-beautiful
Soul Kitchen,,2009,96,8.3,20659,230,https://mubifinder.com/movie/soul-kitchen/,https://mubi.com/films/soul-kitchen
The Myth of the American Sleepover,,2010,96,6.9,4111,223,https://mubifinder.com/movie/the-myth-of-the-american-sleepover/,https://mubi.com/films/the-myth-of-the-american-sleepover
Alps,Alpeis,2011,94,6.9,10033,217,https://mubifinder.com/movie/alps/,https://mubi.com/films/alps
Kinetta,Κινέττα,2005,98,5.2,4878,217,https://mubifinder.com/movie/kinetta/,https://mubi.com/films/kinetta
To a Land Unknown,,2024,106,8.4,495,1,https://mubifinder.com/movie/to-a-land-unknown/,https://mubi.com/films/to-a-land-unknown
Winter in Sokcho,Hiver à Sokcho,2024,105,8.5,12583,158,https://mubifinder.com/movie/winter-in-sokcho/,https://mubi.com/films/winter-in-sokcho
Listen Up Philip,,2014,109,7.2,5216,202,https://mubifinder.com/movie/listen-up-philip/,https://mubi.com/films/listen-up-philip
The Adventures of Sukran the Lame,Topal Şükran'ın Maceraları,2019,75,6.9,469,1,https://mubifinder.com/movie/the-adventures-of-sukran-the-lame/,https://mubi.com/films/the-adventures-of-sukran-the-lame
Thou Gild'st the Even,Sen Aydınlatırsın Geceyi,2013,107,8.1,1150,1,https://mubifinder.com/movie/thou-gild-st-the-even/,https://mubi.com/films/thou-gild-st-the-even
El Planeta,,2021,82,7.4,4943,227,https://mubifinder.com/movie/el-planeta/,https://mubi.com/films/el-planeta
Delicatessen,,1991,99,8.0,14925,73,https://mubifinder.com/movie/delicatessen/,https://mubi.com/films/delicatessen
My Uncle,Dayım,1999,14,8.8,7231,1,https://mubifinder.com/movie/my-uncle/,https://mubi.com/films/my-uncle
The City of Lost Children,La Cité des enfants perdus,1995,112,7.9,7750,15,https://mubifinder.com/movie/the-city-of-lost-children/,https://mubi.com/films/the-city-of-lost-children
Hey There!,Seni Buldum Ya!,2021,82,7.5,7297,1,https://mubifinder.com/movie/hey-there-2021/,https://mubi.com/films/hey-there-2021
Cosmos,Kosmos,2009,122,8.0,1582,1,https://mubifinder.com/movie/kosmos/,https://mubi.com/films/kosmos
Times and Winds,Beş Vakit,2006,107,8.1,3353,4,https://mubifinder.com/movie/times-and-winds/,https://mubi.com/films/times-and-winds
Big Big World,Koca Dünya,2016,101,7.6,647,1,https://mubifinder.com/movie/big-big-world/,https://mubi.com/films/big-big-world
Singing Women,Şarkı Söyleyen Kadınlar,2013,118,6.4,296,1,https://mubifinder.com/movie/singing-women/,https://mubi.com/films/singing-women
Jin,Jîn,2013,122,7.6,819,1,https://mubifinder.com/movie/jin/,https://mubi.com/films/jin
My Only Sunshine,Hayat Var,2008,122,7.9,2486,1,https://mubifinder.com/movie/my-only-sunshine/,https://mubi.com/films/my-only-sunshine
What's a Human Anyway,Korkuyorum Anne,2004,129,8.1,1981,1,https://mubifinder.com/movie/what-s-a-human-anyway/,https://mubi.com/films/what-s-a-human-anyway
A Run for Money,Kaç para kaç,1999,94,8.0,1722,1,https://mubifinder.com/movie/a-run-for-money/,https://mubi.com/films/a-run-for-money
Manhunter,,1986,120,7.4,3572,3,https://mubifinder.com/movie/manhunter/,https://mubi.com/films/manhunter
"Tomato, Pepper, Depression",Domates Biber Depresyon,2024,69,8.6,487,1,https://mubifinder.com/movie/tomato-pepper-depression/,https://mubi.com/films/tomato-pepper-depression
"Oh, Moon!",A Ay,1988,98,8.0,2002,248,https://mubifinder.com/movie/oh-moon/,https://mubi.com/films/oh-moon
Ran,乱,1985,162,9.1,24060,22,https://mubifinder.com/movie/ran/,https://mubi.com/films/ran
Behind Open Doors,Açık Kapılar Ardında,2023,63,6.7,1382,1,https://mubifinder.com/movie/behind-open-doors-2023/,https://mubi.com/films/behind-open-doors-2023
Come True,,2020,105,6.8,422,123,https://mubifinder.com/movie/come-true/,https://mubi.com/films/come-true
Dormitory,Yurt,2023,113,8.5,1077,1,https://mubifinder.com/movie/dormitory/,https://mubi.com/films/dormitory
Billy Elliot,,2000,110,7.7,4677,16,https://mubifinder.com/movie/billy-elliot/,https://mubi.com/films/billy-elliot
Chained for Life,,2018,91,7.5,1211,220,https://mubifinder.com/movie/chained-for-life-2018/,https://mubi.com/films/chained-for-life-2018
It's Burning,Es brennt,2023,89,9.0,753,1,https://mubifinder.com/movie/it-s-burning/,https://mubi.com/films/it-s-burning
We Are the Flesh,Tenemos la carne,2016,80,5.6,1254,217,https://mubifinder.com/movie/tenemos-la-carne/,https://mubi.com/films/tenemos-la-carne
Good Morning Mom,Günaydın Anne,2024,17,6.6,411,1,https://mubifinder.com/movie/good-morning-mom/,https://mubi.com/films/good-morning-mom
Recce,,2024,20,6.9,819,1,https://mubifinder.com/movie/recce/,https://mubi.com/films/recce
The Awareness of Dreaming,Rüyada Olduğunu Fark Ediyor İnsan,2024,19,7.5,639,1,https://mubifinder.com/movie/the-awareness-of-dreaming/,https://mubi.com/films/the-awareness-of-dreaming
Hollywood 90028,The Hollywood Hillside Strangler,1973,88,6.7,1945,248,https://mubifinder.com/movie/hollywood-90028/,https://mubi.com/films/hollywood-90028
Three Kilometres to the End of the World,Trei kilometri până la capătul lumii,2024,103,7.8,517,1,https://mubifinder.com/movie/three-kilometres-to-the-end-of-the-world/,https://mubi.com/films/three-kilometres-to-the-end-of-the-world
Dona Flor and Her Two Husbands,Dona Flor e Seus Dois Maridos,1976,118,8.5,12219,248,https://mubifinder.com/movie/dona-flor-and-her-two-husbands/,https://mubi.com/films/dona-flor-and-her-two-husbands
We're All Going to the World's Fair,,2021,86,6.3,1787,198,https://mubifinder.com/movie/we-re-all-going-to-the-world-s-fair/,https://mubi.com/films/we-re-all-going-to-the-world-s-fair
"Dreams, Hopes and Rotating Dolphins","Hayaller, Umutlar ve Dönen Yunuslar",2024,11,7.2,456,1,https://mubifinder.com/movie/dreams-hopes-and-rotating-dolphins/,https://mubi.com/films/dreams-hopes-and-rotating-dolphins
Hit the Road,Jadde khaki,2021,94,8.9,11338,38,https://mubifinder.com/movie/hit-the-road-2021/,https://mubi.com/films/hit-the-road-2021
Wild Diamond,Diamant brut,2024,104,7.6,3332,24,https://mubifinder.com/movie/wild-diamond/,https://mubi.com/films/wild-diamond
Arizona Dream,,1993,141,7.7,3201,1,https://mubifinder.com/movie/arizona-dream/,https://mubi.com/films/arizona-dream
The Killing of a Sacred Deer,,2017,121,7.8,12603,31,https://mubifinder.com/movie/the-killing-of-a-sacred-deer/,https://mubi.com/films/the-killing-of-a-sacred-deer
Plastic Dream,Plastik Rüya,2021,21,7.2,6647,1,https://mubifinder.com/movie/plastic-dream/,https://mubi.com/films/plastic-dream
Anatomy of a Fall,Anatomie d'une chute,2023,152,8.8,17393,20,https://mubifinder.com/movie/anatomy-of-a-fall/,https://mubi.com/films/anatomy-of-a-fall
Apocalypse Now,Apocalypse Now (Theatrical Cut),1979,153,9.0,35942,23,https://mubifinder.com/movie/apocalypse-now/,https://mubi.com/films/apocalypse-now
Dementia 13,,1963,75,6.4,2653,19,https://mubifinder.com/movie/dementia-13/,https://mubi.com/films/dementia-13
Once Upon a Time in the Future: 2121,Bir Zamanlar Gelecek: 2121,2022,92,6.9,404,1,https://mubifinder.com/movie/once-upon-a-time-in-the-future-2121/,https://mubi.com/films/once-upon-a-time-in-the-future-2121
Inland Empire,,2006,180,7.8,13395,45,https://mubifinder.com/movie/inland-empire/,https://mubi.com/films/inland-empire
Mulholland Drive,Mulholland Dr.,2001,147,8.8,59552,40,https://mubifinder.com/movie/mulholland-drive/,https://mubi.com/films/mulholland-drive
The Elephant Man,,1980,124,8.7,23154,45,https://mubifinder.com/movie/the-elephant-man/,https://mubi.com/films/the-elephant-man
The Straight Story,,1999,112,8.7,12464,37,https://mubifinder.com/movie/the-straight-story/,https://mubi.com/films/the-straight-story
Vice Is Broke,,2024,101,7.3,4442,97,https://mubifinder.com/movie/vice-is-broke/,https://mubi.com/films/vice-is-broke
Hello My Dear,Merhaba Canım,2021,58,8.9,4919,1,https://mubifinder.com/movie/hello-my-dear/,https://mubi.com/films/hello-my-dear
Soil,,2017,19,6.2,131,1,https://mubifinder.com/movie/soil-2017/,https://mubi.com/films/soil-2017
Tulliana,Bars,2023,109,7.4,160,1,https://mubifinder.com/movie/tulliana/,https://mubi.com/films/tulliana
The Ugly Stepsister,Den stygge stesøsteren,2025,110,8.6,28935,33,https://mubifinder.com/movie/the-ugly-stepsister/,https://mubi.com/films/the-ugly-stepsister
Neukölln Spiderman,,2024,57,7.7,242,1,https://mubifinder.com/movie/neukolln-spiderman/,https://mubi.com/films/neukolln-spiderman
The Golden Glove,Der Goldene Handschuh,2019,110,7.8,7052,133,https://mubifinder.com/movie/the-golden-glove/,https://mubi.com/films/the-golden-glove
In the Fade,Aus dem Nichts,2017,106,8.3,7367,133,https://mubifinder.com/movie/in-the-fade/,https://mubi.com/films/in-the-fade
The Wind Will Carry Us,Bad ma ra khahad bord,1999,118,8.5,11513,24,https://mubifinder.com/movie/the-wind-will-carry-us/,https://mubi.com/films/the-wind-will-carry-us
Lâl,,2020,15,8.2,341,1,https://mubifinder.com/movie/lal/,https://mubi.com/films/lal
Avarya,,2018,20,8.4,386,1,https://mubifinder.com/movie/avarya/,https://mubi.com/films/avarya
Golden Shot,,2015,9,8.2,349,1,https://mubifinder.com/movie/golden-shot/,https://mubi.com/films/golden-shot
Hot Milk,,2025,93,7.4,19830,47,https://mubifinder.com/movie/hot-milk-2023/,https://mubi.com/films/hot-milk-2023
A Quiet Summer,,2022,12,5.4,120,1,https://mubifinder.com/movie/a-quiet-summer-2022/,https://mubi.com/films/a-quiet-summer-2022
The Balconettes,Les femmes au balcon,2024,104,7.7,3880,21,https://mubifinder.com/movie/the-balconettes/,https://mubi.com/films/the-balconettes
Universal Language,Une langue universelle,2024,89,8.1,838,3,https://mubifinder.com/movie/universal-language/,https://mubi.com/films/universal-language
Near Orouet,Du côté d'Orouët,1971,161,7.6,1050,220,https://mubifinder.com/movie/du-cote-dorouet/,https://mubi.com/films/du-cote-dorouet
A Cup of Turkish Coffee,Bir Fincan Türk Kahvesi,2013,8,7.4,567,1,https://mubifinder.com/movie/a-cup-of-turkish-coffee/,https://mubi.com/films/a-cup-of-turkish-coffee
On the Shore,Kıyıda,2023,95,7.2,842,1,https://mubifinder.com/movie/on-the-shore-2023/,https://mubi.com/films/on-the-shore-2023
A Season in Hakkari,Hakkâri'de Bir Mevsim,1983,110,9.1,5453,1,https://mubifinder.com/movie/a-season-in-hakkari/,https://mubi.com/films/a-season-in-hakkari
Eight Postcards from Utopia,Opt ilustrate din lumea ideală,2024,71,7.1,917,235,https://mubifinder.com/movie/eight-postcards-from-utopia/,https://mubi.com/films/eight-postcards-from-utopia
April,,2024,134,7.3,2681,75,https://mubifinder.com/movie/april/,https://mubi.com/films/april
The Doll,Gukla,2024,22,6.2,250,1,https://mubifinder.com/movie/the-doll-2024/,https://mubi.com/films/the-doll-2024
Memento,,2000,113,8.2,36934,1,https://mubifinder.com/movie/memento/,https://mubi.com/films/memento
Les Misérables,,2019,101,8.3,2277,1,https://mubifinder.com/movie/les-miserables-2019/,https://mubi.com/films/les-miserables-2019
Toxic,Akiplėša,2024,100,7.7,6871,224,https://mubifinder.com/movie/toxic-2024/,https://mubi.com/films/toxic-2024
For the Blinds,,2014,94,5.6,36,1,https://mubifinder.com/movie/for-the-blinds/,https://mubi.com/films/for-the-blinds
Children of the White Mountain,Beyaz Dağın Çocukları,2023,20,8.5,501,1,https://mubifinder.com/movie/children-of-the-white-mountain/,https://mubi.com/films/children-of-the-white-mountain
Moon,Mond,2024,93,7.7,6523,213,https://mubifinder.com/movie/mond/,https://mubi.com/films/mond
Mimaroğlu Remix Project,,2025,49,7.2,54,1,https://mubifinder.com/movie/mimaroglu-remix-project/,https://mubi.com/films/mimaroglu-remix-project
Mimaroğlu: The Robinson of Manhattan Island,,2020,77,8.1,1794,1,https://mubifinder.com/movie/mimaroglu-the-robinson-of-manhattan-island/,https://mubi.com/films/mimaroglu-the-robinson-of-manhattan-island
Bergman: A Year in a Life,"Bergman - ett år, ett liv",2018,117,8.5,606,1,https://mubifinder.com/movie/bergman-a-year-in-a-life/,https://mubi.com/films/bergman-a-year-in-a-life
The Funeral,Cenaze,2023,109,5.7,484,1,https://mubifinder.com/movie/the-funeral-2023/,https://mubi.com/films/the-funeral-2023
The Antenna,Bina,2019,116,5.4,158,1,https://mubifinder.com/movie/the-antenna/,https://mubi.com/films/the-antenna
Omar,Ömer,2013,99,8.3,1479,1,https://mubifinder.com/movie/omar/,https://mubi.com/films/omar
The Idol,Ya tayr el tayer,2015,99,8.3,431,1,https://mubifinder.com/movie/the-idol-2015/,https://mubi.com/films/the-idol-2015
Huda's Salon,,2021,91,8.2,413,1,https://mubifinder.com/movie/huda-s-salon/,https://mubi.com/films/huda-s-salon
Last Nomads in Anatolia: Sarikecilis,Anadolu’nun Son Göçerleri: Sarıkeçililer,2010,76,9.1,802,1,https://mubifinder.com/movie/last-nomads-in-anatolia-sarikecililer/,https://mubi.com/films/last-nomads-in-anatolia-sarikecililer
Super Happy Forever,,2024,95,7.9,5104,209,https://mubifinder.com/movie/super-happy-forever/,https://mubi.com/films/super-happy-forever
Bye Bye Turtle,Adieu tortue,2024,25,7.3,672,1,https://mubifinder.com/movie/bye-bye-turtle/,https://mubi.com/films/bye-bye-turtle
The Friends,Natsu no niwa,1994,114,8.9,4190,194,https://mubifinder.com/movie/the-friends/,https://mubi.com/films/the-friends
Moving,お引越し | Ohikkoshi,1993,125,8.7,4334,197,https://mubifinder.com/movie/moving/,https://mubi.com/films/moving
Custody,Jusqu'à la garde,2017,94,8.2,1347,1,https://mubifinder.com/movie/jusqu-a-la-garde/,https://mubi.com/films/jusqu-a-la-garde
Pixote: The Law of the Weakest,Pixote: A Lei do Mais Fraco,1980,129,9.0,8393,152,https://mubifinder.com/movie/pixote-the-law-of-the-weakest/,https://mubi.com/films/pixote-the-law-of-the-weakest
Hakkı,,2024,95,8.4,1893,1,https://mubifinder.com/movie/hakki/,https://mubi.com/films/hakki
Fire at Sea,Fuocoammare,2016,114,7.8,1346,1,https://mubifinder.com/movie/fire-at-sea/,https://mubi.com/films/fire-at-sea
A Touch of Sin,天注定 | Tian zhu ding,2013,131,8.0,5808,8,https://mubifinder.com/movie/a-touch-of-sin/,https://mubi.com/films/a-touch-of-sin
We Need to Talk About Dilan,Dilan Hakkında Konuşmalıyız,2024,20,8.1,3314,1,https://mubifinder.com/movie/we-need-to-talk-about-dilan/,https://mubi.com/films/we-need-to-talk-about-dilan
Northwest Passage,,1990,94,9.5,27026,67,https://mubifinder.com/movie/northwest-passage-david-lynch/,https://mubi.com/films/northwest-passage-david-lynch
My Child,Benim Çocuğum,2013,81,9.4,1670,1,https://mubifinder.com/movie/my-child/,https://mubi.com/films/my-child
How to Blow Up a Pipeline,,2022,104,7.4,801,1,https://mubifinder.com/movie/how-to-blow-up-a-pipeline/,https://mubi.com/films/how-to-blow-up-a-pipeline
Tchaikovsky's Wife,Zhena Chaikovskogo | Жена Чайковского,2022,143,7.5,589,1,https://mubifinder.com/movie/tchaikovsky-s-wife/,https://mubi.com/films/tchaikovsky-s-wife
The Third Murder,三度目の殺人 | Sando-me no satsujin,2017,125,7.8,1891,16,https://mubifinder.com/movie/the-third-murder/,https://mubi.com/films/the-third-murder
After the Storm,Umi yori mo Mada Fukaku | 海よりもまだ深く,2016,118,8.1,3333,16,https://mubifinder.com/movie/after-the-storm-2016/,https://mubi.com/films/after-the-storm-2016
The Truth,La vérité,2019,107,7.2,2436,1,https://mubifinder.com/movie/the-truth-2019/,https://mubi.com/films/the-truth-2019
At Last,Sonunda,2023,20,6.6,592,1,https://mubifinder.com/movie/at-last-2023/,https://mubi.com/films/at-last-2023
The Watermelon Woman,,1996,85,8.7,10417,233,https://mubifinder.com/movie/the-watermelon-woman/,https://mubi.com/films/the-watermelon-woman
The Whale,,2022,117,7.5,3434,1,https://mubifinder.com/movie/the-whale-2021/,https://mubi.com/films/the-whale-2021
One of Those Days When Hemme Dies,Hemme'nin Öldüğü Günlerden Biri,2024,82,7.8,4162,1,https://mubifinder.com/movie/one-of-those-days-when-hemme-dies/,https://mubi.com/films/one-of-those-days-when-hemme-dies
The Teacup,,2015,5,6.7,528,1,https://mubifinder.com/movie/the-teacup/,https://mubi.com/films/the-teacup
C'mon C'mon,,2021,110,8.7,3997,4,https://mubifinder.com/movie/c-mon-c-mon/,https://mubi.com/films/c-mon-c-mon
The Code,,2024,100,7.0,1825,36,https://mubifinder.com/movie/the-code-2024/,https://mubi.com/films/the-code-2024
Carol,,2015,118,8.7,34347,34,https://mubifinder.com/movie/carol-2015/,https://mubi.com/films/carol-2015
Good Time,,2017,101,8.2,14360,17,https://mubifinder.com/movie/good-time/,https://mubi.com/films/good-time
Bad for a Moment,Mau por um momento,2024,15,6.7,2761,248,https://mubifinder.com/movie/bad-for-a-moment/,https://mubi.com/films/bad-for-a-moment
It's Not Me,C’est pas moi,2024,41,8.4,2853,200,https://mubifinder.com/movie/c-est-pas-moi/,https://mubi.com/films/c-est-pas-moi
Absent,Noksan,2024,24,6.2,436,1,https://mubifinder.com/movie/absent-2024/,https://mubi.com/films/absent-2024
September Says,,2024,100,7.3,2019,3,https://mubifinder.com/movie/september-says/,https://mubi.com/films/september-says
We Hit the Road,Yollara Düştük,2014,56,9.4,593,1,https://mubifinder.com/movie/we-hit-the-road/,https://mubi.com/films/we-hit-the-road
Ziazan,,2014,15,6.8,346,1,https://mubifinder.com/movie/ziazan/,https://mubi.com/films/ziazan
The Grand Siege,Büyük Kuşatma,2024,96,7.5,1070,1,https://mubifinder.com/movie/the-grand-siege/,https://mubi.com/films/the-grand-siege
Tendaberry,,2024,117,8.2,4355,248,https://mubifinder.com/movie/tendaberry/,https://mubi.com/films/tendaberry
Collage,Kolaj,2022,9,8.3,228,1,https://mubifinder.com/movie/collage-2022/,https://mubi.com/films/collage-2022
The Crowd,,2022,7,6.5,125,1,https://mubifinder.com/movie/the-crowd-2022/,https://mubi.com/films/the-crowd-2022
There Is Nothing Called Home,Ev Diye Bir Şey Yok,2022,4,6.0,231,1,https://mubifinder.com/movie/there-is-nothing-called-home/,https://mubi.com/films/there-is-nothing-called-home
How Did the Pandas Become Extinct?,Pandaların Nesli Nasıl Tükendi?,2021,4,7.1,267,1,https://mubifinder.com/movie/how-did-the-pandas-become-extinct/,https://mubi.com/films/how-did-the-pandas-become-extinct
Vision,,2023,7,6.0,112,1,https://mubifinder.com/movie/vision-2023/,https://mubi.com/films/vision-2023
As If It Could,,2023,13,7.1,136,1,https://mubifinder.com/movie/as-if-it-could/,https://mubi.com/films/as-if-it-could
The Maze,,2022,5,7.1,156,1,https://mubifinder.com/movie/the-maze-selcuk-oren/,https://mubi.com/films/the-maze-selcuk-oren
Game,Oyun,2022,4,7.0,190,1,https://mubifinder.com/movie/game-2022/,https://mubi.com/films/game-2022
Let the Sunshine In,Un beau soleil intérieur,2017,95,6.7,5480,2,https://mubifinder.com/movie/let-the-sunshine-in/,https://mubi.com/films/let-the-sunshine-in
Grand Tour,,2024,129,7.8,5317,172,https://mubifinder.com/movie/grand-tour/,https://mubi.com/films/grand-tour
Asparagus,,1979,18,8.1,16022,248,https://mubifinder.com/movie/asparagus/,https://mubi.com/films/asparagus
Nun or Never!,,2023,11,8.7,6628,234,https://mubifinder.com/movie/nun-or-never/,https://mubi.com/films/nun-or-never
#21XOXO,,2019,10,7.0,4165,248,https://mubifinder.com/movie/21xoxo/,https://mubi.com/films/21xoxo
Toomas Beneath the Valley of the Wild Wolves,,2019,18,8.2,5087,248,https://mubifinder.com/movie/toomas-beneath-the-valley-of-the-wild-wolves/,https://mubi.com/films/toomas-beneath-the-valley-of-the-wild-wolves
Tram,,2012,8,8.1,5283,248,https://mubifinder.com/movie/tram/,https://mubi.com/films/tram
Desire Pie,,1977,5,7.8,4996,246,https://mubifinder.com/movie/desire-pie/,https://mubi.com/films/desire-pie
International Departures,Dış Hatlar,2021,17,6.2,741,1,https://mubifinder.com/movie/international-departures/,https://mubi.com/films/international-departures
Amélie,Le fabuleux destin d'Amélie Poulain,2001,122,8.3,38238,1,https://mubifinder.com/movie/amelie/,https://mubi.com/films/amelie
Dinner in America,,2020,108,8.4,800,1,https://mubifinder.com/movie/dinner-in-america/,https://mubi.com/films/dinner-in-america
Bug Diner,,2024,7,8.0,8008,248,https://mubifinder.com/movie/bug-diner/,https://mubi.com/films/bug-diner
Ayka,Айка,2018,110,8.4,1322,1,https://mubifinder.com/movie/my-little-one/,https://mubi.com/films/my-little-one
Varda by Agnès,Varda par Agnès,2019,120,9.0,2301,1,https://mubifinder.com/movie/varda-by-agnes/,https://mubi.com/films/varda-by-agnes
Bring Them Down,,2024,106,7.7,14934,76,https://mubifinder.com/movie/bring-them-down/,https://mubi.com/films/bring-them-down
Two Lines,İki Çizgi,2008,93,5.4,516,42,https://mubifinder.com/movie/two-lines/,https://mubi.com/films/two-lines
Wajib,,2017,97,8.7,1595,1,https://mubifinder.com/movie/wajib/,https://mubi.com/films/wajib
Rush,,2013,117,7.2,1926,1,https://mubifinder.com/movie/rush-2013/,https://mubi.com/films/rush-2013
A Strange Sight To Behold: The Van Lake Monster,Seyirlik Bir Gariplik: Van Gölü Canavarı,2022,64,8.4,300,1,https://mubifinder.com/movie/a-strange-sight-to-behold-the-van-lake-monster/,https://mubi.com/films/a-strange-sight-to-behold-the-van-lake-monster
Crossing,,2024,106,9.2,29650,68,https://mubifinder.com/movie/crossing-2023-levan-akin/,https://mubi.com/films/crossing-2023-levan-akin
Birds of Passage,Pájaros de verano,2018,125,8.0,1059,1,https://mubifinder.com/movie/birds-of-passage/,https://mubi.com/films/birds-of-passage
Hâl,,2022,11,4.7,249,1,https://mubifinder.com/movie/hal-2022/,https://mubi.com/films/hal-2022
Muse,,2024,6,7.7,7715,248,https://mubifinder.com/movie/muse-2024/,https://mubi.com/films/muse-2024
How to Disappear,Nasıl Kaybolunur,2023,16,6.0,480,1,https://mubifinder.com/movie/how-to-disappear-2023/,https://mubi.com/films/how-to-disappear-2023
Fallen Leaves,Kuolleet lehdet,2023,81,8.5,53923,68,https://mubifinder.com/movie/fallen-leaves-2023/,https://mubi.com/films/fallen-leaves-2023
Born in Flames,,1983,80,8.5,5157,232,https://mubifinder.com/movie/born-in-flames/,https://mubi.com/films/born-in-flames
Crying Is Allowed Laughing Is Not!,Ağlamak Serbest Gülmek Yasak,2024,42,7.9,724,1,https://mubifinder.com/movie/crying-is-allowed-laughing-is-not/,https://mubi.com/films/crying-is-allowed-laughing-is-not
Leto,Лето,2018,128,8.1,2187,1,https://mubifinder.com/movie/leto/,https://mubi.com/films/leto
An Angel at My Table,,1990,158,8.7,4161,19,https://mubifinder.com/movie/an-angel-at-my-table/,https://mubi.com/films/an-angel-at-my-table
Minari,,2020,116,8.1,4261,10,https://mubifinder.com/movie/minari/,https://mubi.com/films/minari
The Holdovers,,2023,133,8.7,5992,1,https://mubifinder.com/movie/the-holdovers/,https://mubi.com/films/the-holdovers
Grand Theft Hamlet,,2024,91,8.3,15327,248,https://mubifinder.com/movie/grand-theft-hamlet/,https://mubi.com/films/grand-theft-hamlet
Tenement,Apartman Boşluğu,2023,20,6.6,610,1,https://mubifinder.com/movie/apartman-boslugu/,https://mubi.com/films/apartman-boslugu
Transylvania,,2006,98,8.2,1884,1,https://mubifinder.com/movie/transylvania/,https://mubi.com/films/transylvania
Shanghai Blues,Shang Hai Zhi Ye | 上海之夜 | Soeng Hoi Zi Je,1984,103,8.2,4224,220,https://mubifinder.com/movie/shanghai-blues/,https://mubi.com/films/shanghai-blues
Manchester by the Sea,,2016,131,8.6,11144,1,https://mubifinder.com/movie/manchester-by-the-sea/,https://mubi.com/films/manchester-by-the-sea
Pino,,2020,60,7.6,1688,247,https://mubifinder.com/movie/pino/,https://mubi.com/films/pino
L'avance,,2024,18,8.1,5800,207,https://mubifinder.com/movie/l-avance/,https://mubi.com/films/l-avance
Matt and Mara,,2024,80,7.4,14125,247,https://mubifinder.com/movie/matt-and-mara/,https://mubi.com/films/matt-and-mara
A Hero of Our Time,Zamanımızın Bir Kahramanı,2023,120,7.0,1401,1,https://mubifinder.com/movie/a-hero-of-our-time-2022/,https://mubi.com/films/a-hero-of-our-time-2022
Me and the Other,Ben ve O,2022,23,5.9,268,1,https://mubifinder.com/movie/me-and-the-other/,https://mubi.com/films/me-and-the-other
The Girl with the Needle,Pigen med nålen,2024,123,9.0,53763,183,https://mubifinder.com/movie/the-girl-with-the-needle/,https://mubi.com/films/the-girl-with-the-needle
Beauty Is Not a Sin,,2024,8,6.0,6173,248,https://mubifinder.com/movie/beauty-is-not-a-sin/,https://mubi.com/films/beauty-is-not-a-sin
Touch of Crude,,2022,28,6.0,1919,248,https://mubifinder.com/movie/touch-of-crude/,https://mubi.com/films/touch-of-crude
The Here After,Efterskalv,2015,102,7.6,4634,228,https://mubifinder.com/movie/the-here-after/,https://mubi.com/films/the-here-after
Sleep of the Crow,Karganın Uykusu,2023,89,7.8,760,1,https://mubifinder.com/movie/sleep-of-the-crow/,https://mubi.com/films/sleep-of-the-crow
Mishima: A Life in Four Chapters,,1985,122,8.7,8634,215,https://mubifinder.com/movie/mishima-a-life-in-four-chapters/,https://mubi.com/films/mishima-a-life-in-four-chapters
Pepe,,2024,123,7.9,3354,234,https://mubifinder.com/movie/pepe-2024/,https://mubi.com/films/pepe-2024
The Protagonists,,1999,92,6.1,4341,234,https://mubifinder.com/movie/the-protagonists-1999/,https://mubi.com/films/the-protagonists-1999
"Pepi, Luci, Bom","Pepi, Luci, Bom y otras chicas del montón",1980,81,7.4,6930,227,https://mubifinder.com/movie/pepi-luci-bom/,https://mubi.com/films/pepi-luci-bom
Bird,,2024,119,8.6,20637,69,https://mubifinder.com/movie/bird/,https://mubi.com/films/bird
An Urban Allegory,Allégorie citadine,2024,21,8.6,12679,234,https://mubifinder.com/movie/allegorie-citadine/,https://mubi.com/films/allegorie-citadine
Dahomey,,2024,68,8.5,12653,131,https://mubifinder.com/movie/dahomey/,https://mubi.com/films/dahomey
Emilia Pérez,,2024,133,7.6,9049,9,https://mubifinder.com/movie/emilia-perez/,https://mubi.com/films/emilia-perez
Trailer of the Film That Will Never Exist: 'Phony Wars',Film annonce du film qui n'existera jamais: 'Drôles de Guerres',2023,20,7.0,1686,164,https://mubifinder.com/movie/trailer-of-the-film-that-will-never-exist-phony-wars/,https://mubi.com/films/trailer-of-the-film-that-will-never-exist-phony-wars
Working Girls,,1986,93,8.1,5617,205,https://mubifinder.com/movie/working-girls/,https://mubi.com/films/working-girls
Shakti,,2019,19,6.6,7399,226,https://mubifinder.com/movie/shakti-2019/,https://mubi.com/films/shakti-2019
The Magic Gloves,Los guantes mágicos,2003,89,7.5,8665,225,https://mubifinder.com/movie/the-magic-gloves/,https://mubi.com/films/the-magic-gloves
Silvia Prieto,,1999,93,7.7,16536,227,https://mubifinder.com/movie/silvia-prieto/,https://mubi.com/films/silvia-prieto
Rapado,,1992,76,7.1,6735,229,https://mubifinder.com/movie/rapado/,https://mubi.com/films/rapado
Don't Let Them Shoot the Kite,Uçurtmayı Vurmasınlar,1989,90,9.1,6800,248,https://mubifinder.com/movie/ucurtmayi-vurmasinlar/,https://mubi.com/films/ucurtmayi-vurmasinlar
Witches,,2024,90,9.0,24464,248,https://mubifinder.com/movie/witches/,https://mubi.com/films/witches
An Odd Turn,Un movimiento extraño,2024,23,6.2,6555,248,https://mubifinder.com/movie/an-odd-turn/,https://mubi.com/films/an-odd-turn
Orlando,,1992,94,8.5,9354,77,https://mubifinder.com/movie/orlando/,https://mubi.com/films/orlando
Yuki's Sun,ユキの太陽 | Yuki no taiyō,1972,5,7.4,20594,221,https://mubifinder.com/movie/yukis-sun/,https://mubi.com/films/yukis-sun
The Substance,,2024,141,8.3,122166,74,https://mubifinder.com/movie/the-substance/,https://mubi.com/films/the-substance
Swallow,,2019,95,8.1,26493,63,https://mubifinder.com/movie/swallow/,https://mubi.com/films/swallow
Revenge,,2017,108,7.6,17175,66,https://mubifinder.com/movie/revenge-2017/,https://mubi.com/films/revenge-2017
Occupied City,,2023,251,8.1,1399,170,https://mubifinder.com/movie/occupied-city/,https://mubi.com/films/occupied-city
Bloodsuckers,Blutsauger,2021,128,7.5,3206,216,https://mubifinder.com/movie/bloodsuckers-2021/,https://mubi.com/films/bloodsuckers-2021
Humanist Vampire Seeking Consenting Suicidal Person,Vampire humaniste cherche suicidaire consentant,2023,91,8.5,9830,158,https://mubifinder.com/movie/humanist-vampire-seeking-consenting-suicidal-person/,https://mubi.com/films/humanist-vampire-seeking-consenting-suicidal-person
A Place Without Fear,,2023,30,7.8,3789,248,https://mubifinder.com/movie/a-place-without-fear/,https://mubi.com/films/a-place-without-fear
The Fall,,2006,119,9.2,42827,221,https://mubifinder.com/movie/the-fall/,https://mubi.com/films/the-fall
Reality+,,2014,22,8.3,34239,248,https://mubifinder.com/movie/reality-2014-coralie-fargeat/,https://mubi.com/films/reality-2014-coralie-fargeat
Her First,Onun Filmi,2018,75,7.6,179,1,https://mubifinder.com/movie/her-first/,https://mubi.com/films/her-first
My First Film,,2024,100,7.8,9445,248,https://mubifinder.com/movie/my-first-film/,https://mubi.com/films/my-first-film
Caprice,,1986,27,7.4,6745,233,https://mubifinder.com/movie/caprice-1983/,https://mubi.com/films/caprice-1983
Faruk,,2024,97,8.3,2286,1,https://mubifinder.com/movie/faruk/,https://mubi.com/films/faruk
Ga-ga: Glory to the Heroes,"Ga, Ga - Chwala bohaterom",1985,81,7.4,1413,248,https://mubifinder.com/movie/ga-ga-glory-to-the-heroes/,https://mubi.com/films/ga-ga-glory-to-the-heroes
Golem,,1979,90,7.6,2925,248,https://mubifinder.com/movie/golem/,https://mubi.com/films/golem
"O-Bi, O-Ba: The End of Civilization","O-bi, O-ba - Koniec Cywilizacji",1984,86,8.1,2862,248,https://mubifinder.com/movie/o-bi-o-ba-the-end-of-civilization/,https://mubi.com/films/o-bi-o-ba-the-end-of-civilization
The War of the Worlds: Next Century,Wojna swiatów - nastepne stulecie,1981,94,7.9,2141,248,https://mubifinder.com/movie/the-war-of-the-world-next-centur/,https://mubi.com/films/the-war-of-the-world-next-centur
The Sacrifice,Offret,1986,149,8.8,25833,185,https://mubifinder.com/movie/the-sacrifice/,https://mubi.com/films/the-sacrifice
The Hypnosis,Hypnosen,2023,99,7.8,14419,196,https://mubifinder.com/movie/the-hypnosis-2023/,https://mubi.com/films/the-hypnosis-2023
Hara-kiri: Death of a Samurai,Ichimei | 一命,2011,128,8.4,4535,67,https://mubifinder.com/movie/hara-kiri-death-of-a-samurai/,https://mubi.com/films/hara-kiri-death-of-a-samurai
Memory,,2023,103,8.6,5464,1,https://mubifinder.com/movie/memory-2023/,https://mubi.com/films/memory-2023
I Had a Dream You Won’t Understand Even If I Tell,"Bir Rüya Gördüm, Anlatsam da Anlamazsınız",2019,66,8.9,700,1,https://mubifinder.com/movie/i-had-a-dream-you-won-t-understand-even-if-i-tell/,https://mubi.com/films/i-had-a-dream-you-won-t-understand-even-if-i-tell
Coma,,2022,81,6.9,1289,207,https://mubifinder.com/movie/coma-2022/,https://mubi.com/films/coma-2022
Eagle vs Shark,,2007,84,7.7,4497,33,https://mubifinder.com/movie/eagle-vs-shark/,https://mubi.com/films/eagle-vs-shark
Control,,2007,122,8.3,15421,87,https://mubifinder.com/movie/control/,https://mubi.com/films/control
Dammi,,2023,19,7.5,6087,248,https://mubifinder.com/movie/dammi/,https://mubi.com/films/dammi
Rewind & Play,,2022,66,8.5,3816,248,https://mubifinder.com/movie/rewind-play/,https://mubi.com/films/rewind-play
Crossing the Bridge - The Sound of Istanbul,,2005,91,9.1,12901,248,https://mubifinder.com/movie/crossing-the-bridge-the-sound-of-istanbul/,https://mubi.com/films/crossing-the-bridge-the-sound-of-istanbul
This Closeness,,2023,89,7.3,12293,248,https://mubifinder.com/movie/this-closeness/,https://mubi.com/films/this-closeness
Actual People,,2021,84,7.3,13396,248,https://mubifinder.com/movie/actual-people/,https://mubi.com/films/actual-people
Shrooms,,2023,18,7.5,6864,248,https://mubifinder.com/movie/shrooms-2023/,https://mubi.com/films/shrooms-2023
Incoherence,지리멸렬 | Ji-ri-myeol-lyeol,1994,31,7.9,10516,224,https://mubifinder.com/movie/incoherence/,https://mubi.com/films/incoherence
Made in England: The Films of Powell and Pressburger,,2024,133,9.3,3764,55,https://mubifinder.com/movie/made-in-england-the-films-of-powell-and-pressburger/,https://mubi.com/films/made-in-england-the-films-of-powell-and-pressburger
45365,,2009,93,8.1,1331,248,https://mubifinder.com/movie/-45365/,https://mubi.com/films/-45365
Gasoline Rainbow,,2023,111,8.0,12067,248,https://mubifinder.com/movie/gasoline-rainbow/,https://mubi.com/films/gasoline-rainbow
The Time Masters,Les Maîtres du temps,1982,79,8.7,3808,185,https://mubifinder.com/movie/the-time-masters/,https://mubi.com/films/the-time-masters
Fantastic Planet,La Planète sauvage,1973,72,8.8,36079,191,https://mubifinder.com/movie/fantastic-planet/,https://mubi.com/films/fantastic-planet
Do Not Expect Too Much from the End of the World,Nu aștepta prea mult de la sfârșitul lumii,2023,164,8.4,11510,199,https://mubifinder.com/movie/do-not-expect-too-much-from-the-end-of-the-world/,https://mubi.com/films/do-not-expect-too-much-from-the-end-of-the-world
High & Low - John Galliano,,2023,117,8.7,16956,147,https://mubifinder.com/movie/high-low-john-galliano/,https://mubi.com/films/high-low-john-galliano
Perfect Days,,2023,125,9.4,126992,124,https://mubifinder.com/movie/perfect-days/,https://mubi.com/films/perfect-days
Yannick,,2023,67,8.3,16481,220,https://mubifinder.com/movie/yannick/,https://mubi.com/films/yannick
The Settlers,Los Colonos,2023,100,8.5,27151,66,https://mubifinder.com/movie/the-settlers-2023/,https://mubi.com/films/the-settlers-2023
The Last Year of Darkness,午夜出走 | Wǔyè chūzǒu,2023,92,8.1,2984,68,https://mubifinder.com/movie/the-last-year-of-darkness/,https://mubi.com/films/the-last-year-of-darkness
The Making of Priscilla,,2023,27,8.3,2806,43,https://mubifinder.com/movie/the-making-of-priscilla/,https://mubi.com/films/the-making-of-priscilla
Priscilla,,2023,114,7.4,42117,139,https://mubifinder.com/movie/priscilla/,https://mubi.com/films/priscilla
La antena,,2007,99,8.3,3862,248,https://mubifinder.com/movie/la-antena/,https://mubi.com/films/la-antena
Meeting the Man: James Baldwin in Paris,,1970,28,9.0,31027,248,https://mubifinder.com/movie/meeting-the-man-james-baldwin-in-paris/,https://mubi.com/films/meeting-the-man-james-baldwin-in-paris
How to Have Sex,,2023,91,7.2,34313,61,https://mubifinder.com/movie/how-to-have-sex/,https://mubi.com/films/how-to-have-sex
The Delinquents,Los Delincuentes,2023,190,7.7,22323,65,https://mubifinder.com/movie/los-delincuentes/,https://mubi.com/films/los-delincuentes
Inshallah a Boy,Inshallah Walad,2023,114,8.8,4839,22,https://mubifinder.com/movie/inshallah-a-boy/,https://mubi.com/films/inshallah-a-boy
Tavern Man,O Tasqueiro,2012,15,8.1,11222,232,https://mubifinder.com/movie/tavern-man/,https://mubi.com/films/tavern-man
Le Havre,,2011,93,8.7,14620,180,https://mubifinder.com/movie/le-havre/,https://mubi.com/films/le-havre
The Foundry,Valimo,2007,4,7.4,3028,203,https://mubifinder.com/movie/the-foundry-2007/,https://mubi.com/films/the-foundry-2007
Lights in the Dusk,Laitakaupungin valot,2006,77,7.9,8796,181,https://mubifinder.com/movie/lights-in-the-dusk/,https://mubi.com/films/lights-in-the-dusk
The Man Without a Past,Mies vailla menneisyyttä,2002,97,8.7,23258,180,https://mubifinder.com/movie/the-man-without-a-past/,https://mubi.com/films/the-man-without-a-past
Juha,,1999,78,7.7,1895,183,https://mubifinder.com/movie/juha/,https://mubi.com/films/juha
Drifting Clouds,Kauas pilvet karkaavat,1996,95,8.7,10871,178,https://mubifinder.com/movie/drifting-clouds/,https://mubi.com/films/drifting-clouds
Total Balalaika Show,,1994,57,7.9,888,183,https://mubifinder.com/movie/total-balalaika-show/,https://mubi.com/films/total-balalaika-show
Leningrad Cowboys Meet Moses,,1994,93,6.8,1116,182,https://mubifinder.com/movie/leningrad-cowboys-meet-moses/,https://mubi.com/films/leningrad-cowboys-meet-moses
Leningrad Cowboys: These Boots,,1993,5,7.6,2449,183,https://mubifinder.com/movie/leningrad-cowboys-these-boots/,https://mubi.com/films/leningrad-cowboys-these-boots
"Take Care of Your Scarf, Tatiana","Pidä huivista kiinni, Tatjana",1994,62,8.0,3493,183,https://mubifinder.com/movie/take-care-of-your-scarf-tatiana/,https://mubi.com/films/take-care-of-your-scarf-tatiana
The Bohemian Life,La vie de bohème,1992,103,8.8,5065,180,https://mubifinder.com/movie/the-bohemian-life/,https://mubi.com/films/the-bohemian-life
Leningrad Cowboys: Those Were the Days [MV],,1992,5,7.9,1730,183,https://mubifinder.com/movie/those-were-the-days-1992/,https://mubi.com/films/those-were-the-days-1992
I Hired a Contract Killer,,1990,80,8.1,10541,192,https://mubifinder.com/movie/i-hired-a-contract-killer/,https://mubi.com/films/i-hired-a-contract-killer
The Match Factory Girl,Tulitikkutehtaan tyttö,1990,69,8.4,13507,180,https://mubifinder.com/movie/the-match-factory-girl/,https://mubi.com/films/the-match-factory-girl
Leningrad Cowboys Go America,,1989,79,8.2,5435,179,https://mubifinder.com/movie/leningrad-cowboys-go-america/,https://mubi.com/films/leningrad-cowboys-go-america
Ariel,,1988,73,8.5,10586,184,https://mubifinder.com/movie/ariel/,https://mubi.com/films/ariel
Leningrad Cowboys: Thru the Wire,,1987,6,7.8,1809,183,https://mubifinder.com/movie/thru-the-wire/,https://mubi.com/films/thru-the-wire
Melrose: Rich Little Bitch [MV],,1987,4,6.9,1256,202,https://mubifinder.com/movie/melrose-rich-little-bitch/,https://mubi.com/films/melrose-rich-little-bitch
Rocky VI,,1986,9,6.8,4518,183,https://mubifinder.com/movie/rocky-vi/,https://mubi.com/films/rocky-vi
Hamlet Goes Business,Hamlet liikemaailmassa,1987,89,7.6,1838,184,https://mubifinder.com/movie/hamlet-goes-business/,https://mubi.com/films/hamlet-goes-business
Calamari Union,,1985,81,7.5,2460,182,https://mubifinder.com/movie/calamari-union/,https://mubi.com/films/calamari-union
Shadows in Paradise,Varjoja paratiisissa,1986,74,8.4,15428,181,https://mubifinder.com/movie/shadows-in-paradise/,https://mubi.com/films/shadows-in-paradise
Crime and Punishment,Rikos ja rangaistus,1983,93,7.9,5042,183,https://mubifinder.com/movie/crime-and-punishment-1983/,https://mubi.com/films/crime-and-punishment-1983
Un Film Dramatique,,2019,114,7.5,1077,248,https://mubifinder.com/movie/un-film-dramatique/,https://mubi.com/films/un-film-dramatique
Passages,,2023,92,7.5,50450,80,https://mubifinder.com/movie/passages-2022/,https://mubi.com/films/passages-2022
Emerald Cities,,1983,91,7.2,919,248,https://mubifinder.com/movie/emerald-cities/,https://mubi.com/films/emerald-cities
House of Seven Belles,,1979,92,5.5,537,248,https://mubifinder.com/movie/house-of-seven-belles/,https://mubi.com/films/house-of-seven-belles
The Believer's Heaven,,1977,61,5.2,607,248,https://mubifinder.com/movie/the-believer-s-heaven/,https://mubi.com/films/the-believer-s-heaven
The Burning Hell,,1974,59,5.6,1116,248,https://mubifinder.com/movie/the-burning-hell/,https://mubi.com/films/the-burning-hell
Walk the Walk,,1970,88,5.6,521,248,https://mubifinder.com/movie/walk-the-walk-1970/,https://mubi.com/films/walk-the-walk-1970
Cottonpickin' Chickenpickers,,1967,91,5.2,454,248,https://mubifinder.com/movie/cottonpickin-chickenpickers/,https://mubi.com/films/cottonpickin-chickenpickers
She-Man: A Story of Fixation,,1967,66,6.0,974,248,https://mubifinder.com/movie/she-man-a-story-of-fixation/,https://mubi.com/films/she-man-a-story-of-fixation
Hot Thrills and Warm Chills,,1967,69,4.7,707,248,https://mubifinder.com/movie/hot-thrills-and-warm-chills/,https://mubi.com/films/hot-thrills-and-warm-chills
"If Footmen Tire You, What Will Horses Do?",,1971,54,5.6,350,248,https://mubifinder.com/movie/if-footmen-tire-you-what-will-horses-do/,https://mubi.com/films/if-footmen-tire-you-what-will-horses-do
Shanty Tramp,,1967,71,6.4,1249,248,https://mubifinder.com/movie/shanty-tramp/,https://mubi.com/films/shanty-tramp
"Spring Night, Summer Night",,1967,84,7.9,2251,248,https://mubifinder.com/movie/spring-night-summer-night/,https://mubi.com/films/spring-night-summer-night
One Shocking Moment,,1965,72,5.4,928,248,https://mubifinder.com/movie/one-shocking-moment/,https://mubi.com/films/one-shocking-moment
Chained Girls,,1965,62,4.8,993,248,https://mubifinder.com/movie/chained-girls/,https://mubi.com/films/chained-girls
Murder in Mississippi,,1965,83,6.3,657,248,https://mubifinder.com/movie/murder-in-mississippi-1965/,https://mubi.com/films/murder-in-mississippi-1965
The Maidens of Fetish Street,,1966,64,5.6,1593,248,https://mubifinder.com/movie/the-girls-on-f-street/,https://mubi.com/films/the-girls-on-f-street
The Nest of the Cuckoo Birds,,1965,83,6.0,1437,248,https://mubifinder.com/movie/the-nest-of-the-cuckoo-birds/,https://mubi.com/films/the-nest-of-the-cuckoo-birds
Orgy of the Dead,,1965,91,4.3,2469,248,https://mubifinder.com/movie/orgy-of-the-dead/,https://mubi.com/films/orgy-of-the-dead
Olga's House of Shame,,1964,70,4.5,1006,248,https://mubifinder.com/movie/olga-s-house-of-shame/,https://mubi.com/films/olga-s-house-of-shame
Stark Fear,,1962,86,6.4,1054,248,https://mubifinder.com/movie/stark-fear/,https://mubi.com/films/stark-fear
House on Bare Mountain,,1962,62,4.9,1075,248,https://mubifinder.com/movie/house-on-bare-mountain/,https://mubi.com/films/house-on-bare-mountain
Wild Guitar,,1962,90,6.5,951,248,https://mubifinder.com/movie/wild-guitar/,https://mubi.com/films/wild-guitar
Satan in High Heels,,1962,91,6.4,1382,248,https://mubifinder.com/movie/satan-in-high-heels/,https://mubi.com/films/satan-in-high-heels
Night Tide,,1961,86,7.3,5835,248,https://mubifinder.com/movie/night-tide/,https://mubi.com/films/night-tide
Guilty Bystander,,1950,92,6.6,2268,248,https://mubifinder.com/movie/guilty-bystander/,https://mubi.com/films/guilty-bystander
The Future Tense,,2022,89,8.3,2842,248,https://mubifinder.com/movie/the-future-tense/,https://mubi.com/films/the-future-tense
Medusa Deluxe,,2022,101,7.6,12814,101,https://mubifinder.com/movie/medusa-deluxe/,https://mubi.com/films/medusa-deluxe
Meeting Jim,,2018,77,9.2,1637,1,https://mubifinder.com/movie/meeting-jim/,https://mubi.com/films/meeting-jim
The Searches,Las búsquedas,2013,75,7.6,644,226,https://mubifinder.com/movie/the-searches/,https://mubi.com/films/the-searches
Rimini,,2022,115,7.7,1058,54,https://mubifinder.com/movie/rimini/,https://mubi.com/films/rimini
Return to Seoul,Retour à Séoul,2022,119,7.7,15647,37,https://mubifinder.com/movie/return-to-seoul/,https://mubi.com/films/return-to-seoul
One Fine Morning,Un beau matin,2022,114,8.2,18247,17,https://mubifinder.com/movie/one-fine-morning-2022/,https://mubi.com/films/one-fine-morning-2022
Antichrist,,2009,104,7.7,29109,66,https://mubifinder.com/movie/antichrist/,https://mubi.com/films/antichrist
The Five Devils,Les cinq diables,2022,96,8.3,33900,81,https://mubifinder.com/movie/les-cinq-diables/,https://mubi.com/films/les-cinq-diables
"Love, Deutschmarks and Death","Aşk, Mark ve Ölüm",2022,99,9.3,7754,2,https://mubifinder.com/movie/love-deutschmark-and-death/,https://mubi.com/films/love-deutschmark-and-death
The Boss of It All,Direktøren for det hele,2006,100,7.7,4982,63,https://mubifinder.com/movie/the-boss-of-it-all/,https://mubi.com/films/the-boss-of-it-all
Close,,2022,104,9.3,83651,152,https://mubifinder.com/movie/close-2022/,https://mubi.com/films/close-2022
Manderlay,,2005,133,7.8,5461,63,https://mubifinder.com/movie/manderlay/,https://mubi.com/films/manderlay
Dogville,,2003,178,8.8,32297,63,https://mubifinder.com/movie/dogville/,https://mubi.com/films/dogville
Chris the Swiss,,2018,90,8.5,1243,206,https://mubifinder.com/movie/chris-the-swiss/,https://mubi.com/films/chris-the-swiss
Please Baby Please,,2022,96,7.3,8971,186,https://mubifinder.com/movie/please-baby-please/,https://mubi.com/films/please-baby-please
The Five Obstructions,De fem benspænd,2003,88,8.1,4369,63,https://mubifinder.com/movie/the-five-obstructions/,https://mubi.com/films/the-five-obstructions
Leila's Brothers,Baradaran-e Leila,2022,160,9.5,17990,11,https://mubifinder.com/movie/leila-s-brothers/,https://mubi.com/films/leila-s-brothers
Dancer in the Dark,,2000,140,8.7,30752,47,https://mubifinder.com/movie/dancer-in-the-dark/,https://mubi.com/films/dancer-in-the-dark
The Idiots,Idioterne,1998,110,7.7,12144,67,https://mubifinder.com/movie/the-idiots/,https://mubi.com/films/the-idiots
Alcarràs,,2022,120,8.5,19695,86,https://mubifinder.com/movie/alcarras/,https://mubi.com/films/alcarras
Breaking the Waves,,1996,159,8.7,19324,63,https://mubifinder.com/movie/breaking-the-waves/,https://mubi.com/films/breaking-the-waves
Battle Royale,Batoru rowaiaru,2000,121,7.7,27831,54,https://mubifinder.com/movie/battle-royale/,https://mubi.com/films/battle-royale
Europa,,1991,108,8.2,7305,63,https://mubifinder.com/movie/europa/,https://mubi.com/films/europa
Epidemic,,1987,102,6.5,1998,63,https://mubifinder.com/movie/epidemic/,https://mubi.com/films/epidemic
The Element of Crime,Forbrydelsens element,1984,99,7.2,4036,63,https://mubifinder.com/movie/the-element-of-crime/,https://mubi.com/films/the-element-of-crime
Aftersun,,2022,102,9.0,158983,85,https://mubifinder.com/movie/aftersun/,https://mubi.com/films/aftersun
Exodus,,2022,59,8.6,1280,96,https://mubifinder.com/movie/exodus-2022/,https://mubi.com/films/exodus-2022
Barbarossa,,2022,66,8.2,666,96,https://mubifinder.com/movie/barbarossa/,https://mubi.com/films/barbarossa
Rabiye Kurnaz vs. George W. Bush,Rabiye Kurnaz gegen George W. Bush,2022,119,8.6,3692,2,https://mubifinder.com/movie/rabiye-kurnaz-vs-george-w-bush/,https://mubi.com/films/rabiye-kurnaz-vs-george-w-bush
Big Brother,Storebror,2022,59,8.4,661,96,https://mubifinder.com/movie/big-brother-2022/,https://mubi.com/films/big-brother-2022
Decision to Leave,헤어질 결심 | Heojil kyolshim,2022,139,8.5,42247,67,https://mubifinder.com/movie/decision-to-leave/,https://mubi.com/films/decision-to-leave
Blank Narcissus (Passion of the Swamp),,2022,12,7.3,17296,230,https://mubifinder.com/movie/blank-narcissus-passion-of-the-swamp/,https://mubi.com/films/blank-narcissus-passion-of-the-swamp
The Congress Dances,Kongressen danser,2022,66,8.3,698,96,https://mubifinder.com/movie/the-congress-dances/,https://mubi.com/films/the-congress-dances
Halmar,,2022,59,8.2,928,96,https://mubifinder.com/movie/halmar/,https://mubi.com/films/halmar
Pandæmonium,,1997,78,8.4,1267,96,https://mubifinder.com/movie/pandaemonium-1997/,https://mubi.com/films/pandaemonium-1997
Mors In Tabula,,1997,63,8.2,1587,96,https://mubifinder.com/movie/mors-in-tabula/,https://mubi.com/films/mors-in-tabula
Gargantua,,1997,77,8.3,1185,96,https://mubifinder.com/movie/gargantua-1997/,https://mubi.com/films/gargantua-1997
Birds of Passage,Trækfuglene,1997,79,8.3,1255,96,https://mubifinder.com/movie/birds-of-passage-1997/,https://mubi.com/films/birds-of-passage-1997
The Living Dead,De levende døde,1994,77,8.7,1867,96,https://mubifinder.com/movie/the-living-dead-1994/,https://mubi.com/films/the-living-dead-1994
Thy Kingdom Come,Alliancen kalder,1994,67,8.3,1953,96,https://mubifinder.com/movie/thy-kingdom-come-1994/,https://mubi.com/films/thy-kingdom-come-1994
The Unheavenly Host,Den hvide flok,1994,64,8.4,4383,96,https://mubifinder.com/movie/the-unheavenly-host/,https://mubi.com/films/the-unheavenly-host
A Foreign Body,Et fremmed legeme,1994,71,8.5,1691,96,https://mubifinder.com/movie/a-foreign-body-1994/,https://mubi.com/films/a-foreign-body-1994
The Box,La caja,2021,92,7.9,3000,52,https://mubifinder.com/movie/the-box-2021-lorenzo-vigas/,https://mubi.com/films/the-box-2021-lorenzo-vigas
Time to Love,Sevmek Zamanı,1965,91,8.5,13805,248,https://mubifinder.com/movie/time-to-love/,https://mubi.com/films/time-to-love
The African Desperate,,2022,100,7.3,9505,248,https://mubifinder.com/movie/the-african-desperate/,https://mubi.com/films/the-african-desperate
Free Chol Soo Lee,,2022,86,8.6,3341,54,https://mubifinder.com/movie/free-chol-soo-lee/,https://mubi.com/films/free-chol-soo-lee
Invisible Demons,,2021,70,8.7,7648,54,https://mubifinder.com/movie/invisible-demons/,https://mubi.com/films/invisible-demons
One Second,一秒钟 | Yi miao zhong,2020,103,8.4,2383,15,https://mubifinder.com/movie/one-second/,https://mubi.com/films/one-second
A Chiara,,2021,122,7.9,6150,35,https://mubifinder.com/movie/a-chiara/,https://mubi.com/films/a-chiara
The Humans,,2021,107,7.4,12903,51,https://mubifinder.com/movie/the-humans/,https://mubi.com/films/the-humans
Faya Dayi,,2021,119,8.5,2858,60,https://mubifinder.com/movie/faya-dayi/,https://mubi.com/films/faya-dayi
Crimes of the Future,,2022,108,7.5,26215,43,https://mubifinder.com/movie/crimes-of-the-future-2022/,https://mubi.com/films/crimes-of-the-future-2022
North Terminal,Terminal norte,2021,37,7.8,4103,239,https://mubifinder.com/movie/terminal-norte/,https://mubi.com/films/terminal-norte
Pleasure,,2021,108,7.4,32695,36,https://mubifinder.com/movie/pleasure-2020/,https://mubi.com/films/pleasure-2020
Red & Black,La rouge et la noire,2011,74,6.0,103,228,https://mubifinder.com/movie/red-black/,https://mubi.com/films/red-black
"Paris, 13th District",Les olympiades,2021,106,8.2,25920,44,https://mubifinder.com/movie/les-olympiades/,https://mubi.com/films/les-olympiades
Great Freedom,Große Freiheit,2021,117,8.9,23327,181,https://mubifinder.com/movie/great-freedom/,https://mubi.com/films/great-freedom
The Absent Stone,La piedra ausente,2013,81,7.9,404,236,https://mubifinder.com/movie/the-absent-stone/,https://mubi.com/films/the-absent-stone
"Lingui, The Sacred Bonds",Lingui,2021,88,8.7,5993,89,https://mubifinder.com/movie/lingui/,https://mubi.com/films/lingui
Train Again,,2021,20,7.7,2984,248,https://mubifinder.com/movie/train-again/,https://mubi.com/films/train-again
Motion Picture (Employees Leaving the Lumière Factory),Motion Picture (La Sortie des Ouvriers de l'Usine Lumière à Lyon),1984,3,4.6,1684,248,https://mubifinder.com/movie/motion-picture-la-sortie-des-ouvriers-de-lusine-lumiere-a-lyon/,https://mubi.com/films/motion-picture-la-sortie-des-ouvriers-de-lusine-lumiere-a-lyon
Miniatures: Many Berlin Artists in Hoisdorf,Miniaturen – Viele Berliner Künstler in Hoisdorf,1983,16,6.2,1124,248,https://mubifinder.com/movie/miniatures-many-berlin-artists-in-hoisdorf/,https://mubi.com/films/miniatures-many-berlin-artists-in-hoisdorf
Lamb,Dýrið,2021,107,7.5,31999,41,https://mubifinder.com/movie/lamb-2020/,https://mubi.com/films/lamb-2020
Petite Maman,,2021,73,8.6,19070,42,https://mubifinder.com/movie/petite-maman/,https://mubi.com/films/petite-maman
Taste,Vị,2021,98,6.7,2047,87,https://mubifinder.com/movie/taste-2021/,https://mubi.com/films/taste-2021
Cow,,2021,98,8.5,7390,46,https://mubifinder.com/movie/cow-2021/,https://mubi.com/films/cow-2021
Benedetta,,2021,132,7.5,10768,41,https://mubifinder.com/movie/benedetta/,https://mubi.com/films/benedetta
Get Ready,,1999,1,6.7,2097,248,https://mubifinder.com/movie/get-ready/,https://mubi.com/films/get-ready
Titane,,2021,108,7.4,34752,56,https://mubifinder.com/movie/titane/,https://mubi.com/films/titane
What Do We See When We Look at the Sky?,"Ras vkhedavt, rodesac cas vukurebt?",2021,171,8.1,5559,81,https://mubifinder.com/movie/what-do-we-see-when-we-look-at-the-sky/,https://mubi.com/films/what-do-we-see-when-we-look-at-the-sky
Fly,Mosca,2011,98,7.2,268,157,https://mubifinder.com/movie/fly-2011/,https://mubi.com/films/fly-2011
Lopez Street,Calle López,2013,81,8.2,503,231,https://mubifinder.com/movie/lopez-street/,https://mubi.com/films/lopez-street
Azor,,2021,100,7.8,4829,61,https://mubifinder.com/movie/azor/,https://mubi.com/films/azor
Manufraktur,,1985,3,6.7,3482,248,https://mubifinder.com/movie/manufraktur/,https://mubi.com/films/manufraktur
The Second Game,Al doilea joc,2014,97,6.8,510,240,https://mubifinder.com/movie/the-second-game/,https://mubi.com/films/the-second-game
Cryptozoo,,2021,108,8.2,2878,172,https://mubifinder.com/movie/cryptozoo/,https://mubi.com/films/cryptozoo
An Appropriated Self-Portrait,Autorretrato Apropiado,2014,102,7.5,308,244,https://mubifinder.com/movie/an-appropriated-self-portrait/,https://mubi.com/films/an-appropriated-self-portrait
Sweat,,2020,128,7.4,13216,32,https://mubifinder.com/movie/sweat-2020/,https://mubi.com/films/sweat-2020
First Cow,,2019,122,8.5,27508,175,https://mubifinder.com/movie/first-cow/,https://mubi.com/films/first-cow
Shiva Baby,,2020,77,8.2,119704,93,https://mubifinder.com/movie/shiva-baby-2020/,https://mubi.com/films/shiva-baby-2020
Léa,,2011,93,6.6,1131,211,https://mubifinder.com/movie/lea/,https://mubi.com/films/lea
Plan 9 from Outer Space,,1959,78,5.9,4331,248,https://mubifinder.com/movie/plan-9-from-outer-space/,https://mubi.com/films/plan-9-from-outer-space
A Cambodian Spring,,2016,127,8.6,1198,248,https://mubifinder.com/movie/a-cambodian-spring/,https://mubi.com/films/a-cambodian-spring
Casa Grande,,2014,114,7.7,2899,198,https://mubifinder.com/movie/casa-grande/,https://mubi.com/films/casa-grande
Soundtrack to War,,2005,95,7.1,211,187,https://mubifinder.com/movie/soundtrack-to-war/,https://mubi.com/films/soundtrack-to-war
Traveling on One Leg,Reisende auf einem Bein (Voyager sur une jambe),2015,51,7.2,647,193,https://mubifinder.com/movie/traveling-on-one-leg/,https://mubi.com/films/traveling-on-one-leg
The Park,Le Park,2015,14,6.3,848,211,https://mubifinder.com/movie/le-park/,https://mubi.com/films/le-park
The Factory,A Fábrica,2011,15,8.2,4737,248,https://mubifinder.com/movie/the-factory-2011/,https://mubi.com/films/the-factory-2011
Beginning,Dasatskisi,2020,125,7.8,5317,55,https://mubifinder.com/movie/beginning-2020/,https://mubi.com/films/beginning-2020
"Baxter, Vera Baxter",,1977,91,6.9,1708,212,https://mubifinder.com/movie/baxter-vera-baxter/,https://mubi.com/films/baxter-vera-baxter
The Disobedient,Neposlušni,2014,112,6.6,596,224,https://mubifinder.com/movie/the-disobedient/,https://mubi.com/films/the-disobedient
Manila,,2009,90,7.0,579,233,https://mubifinder.com/movie/manila/,https://mubi.com/films/manila
Zero Bridge,,2008,97,7.3,406,217,https://mubifinder.com/movie/zero-bridge/,https://mubi.com/films/zero-bridge
Severed Ways: The Norse Discovery of America,,2007,109,5.8,94,222,https://mubifinder.com/movie/severed-ways/,https://mubi.com/films/severed-ways
Jeny303,,2018,6,6.3,804,203,https://mubifinder.com/movie/jeny303/,https://mubi.com/films/jeny303
La libertad,,2017,30,7.8,2037,248,https://mubifinder.com/movie/la-libertad-2017/,https://mubi.com/films/la-libertad-2017
The Famous and the Dead,Os Famosos e os Duendes da Morte,2009,102,6.8,630,192,https://mubifinder.com/movie/the-famous-and-the-dead/,https://mubi.com/films/the-famous-and-the-dead
The Arrival,L'arrivée,1999,2,6.4,2565,248,https://mubifinder.com/movie/larrivee/,https://mubi.com/films/larrivee
Dawson City: Frozen Time,,2016,121,8.7,1506,145,https://mubifinder.com/movie/dawson-city-frozen-time/,https://mubi.com/films/dawson-city-frozen-time
Black Sun,Sol Negro,2016,43,7.0,1472,248,https://mubifinder.com/movie/sol-negro/,https://mubi.com/films/sol-negro
Hounds of Love,,2016,108,7.1,2029,164,https://mubifinder.com/movie/hounds-of-love-2016/,https://mubi.com/films/hounds-of-love-2016
Special Flight,Vol spécial,2011,99,8.7,910,245,https://mubifinder.com/movie/special-flight/,https://mubi.com/films/special-flight
Horse Money,Cavalo Dinheiro,2014,109,8.0,2550,210,https://mubifinder.com/movie/horse-money/,https://mubi.com/films/horse-money
In the Name of Christ,Au nom du Christ,1993,80,7.4,994,248,https://mubifinder.com/movie/in-the-name-of-christ/,https://mubi.com/films/in-the-name-of-christ
The Jester,O Bobo,1987,119,7.3,312,248,https://mubifinder.com/movie/the-jester/,https://mubi.com/films/the-jester
"Charles, Dead or Alive",Charles mort ou vif,1969,94,8.2,1502,245,https://mubifinder.com/movie/charles-dead-or-alive/,https://mubi.com/films/charles-dead-or-alive
Dogs Don’t Wear Pants,Koirat eivät käytä housuja,2019,101,8.1,23825,49,https://mubifinder.com/movie/dogs-don-t-wear-pants/,https://mubi.com/films/dogs-don-t-wear-pants
It Felt Like Love,,2013,83,6.5,3425,233,https://mubifinder.com/movie/it-felt-like-love/,https://mubi.com/films/it-felt-like-love
The Endless Film,La película infinita,2018,58,6.8,1239,248,https://mubifinder.com/movie/la-pelicula-infinita/,https://mubi.com/films/la-pelicula-infinita
Signal 8,,2019,14,7.2,1444,248,https://mubifinder.com/movie/signal-8/,https://mubi.com/films/signal-8
Good Manners,As Boas Maneiras,2017,136,7.4,3266,180,https://mubifinder.com/movie/good-manners/,https://mubi.com/films/good-manners
"Family Romance, LLC",,2019,89,8.5,11587,54,https://mubifinder.com/movie/family-romance-llc/,https://mubi.com/films/family-romance-llc
"My Skin, Luminous","Mi piel, luminosa",2019,40,6.5,1440,248,https://mubifinder.com/movie/my-skin-luminous/,https://mubi.com/films/my-skin-luminous
Minotaur,Minotauro,2015,53,5.8,582,248,https://mubifinder.com/movie/minotaur-2015/,https://mubi.com/films/minotaur-2015
White Ant,白蟻─慾望謎網 | Báiyǐ ─yùwàng mí wǎng,2016,95,7.0,1289,244,https://mubifinder.com/movie/white-ant/,https://mubi.com/films/white-ant
Le Moulin,Ri yao ri shih san pu zhe,2015,162,7.9,323,246,https://mubifinder.com/movie/le-moulin/,https://mubi.com/films/le-moulin
Flowers of Taipei: Taiwan New Cinema,Cinema,2014,109,8.2,1795,244,https://mubifinder.com/movie/flowers-of-taipei-taiwan-new-cinema/,https://mubi.com/films/flowers-of-taipei-taiwan-new-cinema
Within Our Gates,,1920,80,7.4,1456,248,https://mubifinder.com/movie/within-our-gates/,https://mubi.com/films/within-our-gates
Popeye the Sailor Meets Sindbad the Sailor,,1936,16,8.4,17731,248,https://mubifinder.com/movie/popeye-the-sailor-meets-sindbad-the-sailor/,https://mubi.com/films/popeye-the-sailor-meets-sindbad-the-sailor
Two Shots Fired,Dos disparos,2014,104,6.7,3600,241,https://mubifinder.com/movie/two-gun-shots/,https://mubi.com/films/two-gun-shots
B for Boy,,2013,113,8.0,799,183,https://mubifinder.com/movie/b-for-boy/,https://mubi.com/films/b-for-boy
The Deep End,Le Grand Bassin,2006,28,6.3,906,201,https://mubifinder.com/movie/le-grand-bassin/,https://mubi.com/films/le-grand-bassin
Letters to Max,,2014,103,7.8,573,247,https://mubifinder.com/movie/letters-to-max/,https://mubi.com/films/letters-to-max
Escape,L'échappée,2009,17,7.4,4021,199,https://mubifinder.com/movie/escape-2009/,https://mubi.com/films/escape-2009
My Name is Annemarie Schwarzenbach,Je suis Annemarie Schwarzenbach,2015,86,6.4,312,196,https://mubifinder.com/movie/my-name-is-annemarie-schwarzenbach/,https://mubi.com/films/my-name-is-annemarie-schwarzenbach
Scott Walker: 30 Century Man,,2006,100,8.4,2426,215,https://mubifinder.com/movie/scott-walker-30-century-man/,https://mubi.com/films/scott-walker-30-century-man
Occidental,,2017,74,5.8,1172,242,https://mubifinder.com/movie/occidental/,https://mubi.com/films/occidental
Brothers of the Night,Brüder der Nacht,2016,88,6.4,1968,211,https://mubifinder.com/movie/brothers-of-the-night/,https://mubi.com/films/brothers-of-the-night
Call Me Marianna,Mów mi Marianna,2015,73,8.3,1352,115,https://mubifinder.com/movie/call-me-marianna/,https://mubi.com/films/call-me-marianna
Living Still Life,La résurrection des natures mortes,2012,16,7.8,4973,247,https://mubifinder.com/movie/living-still-life/,https://mubi.com/films/living-still-life
Boro in the Box,,2011,40,8.2,4498,248,https://mubifinder.com/movie/boro-in-the-box/,https://mubi.com/films/boro-in-the-box
An Anthropological Television Myth,Un mito antropologico televisivo,2011,67,7.3,423,222,https://mubifinder.com/movie/an-anthropological-television-myth/,https://mubi.com/films/an-anthropological-television-myth
Bonsai,Bonsái,2016,79,4.9,218,165,https://mubifinder.com/movie/bonsai-2016/,https://mubi.com/films/bonsai-2016
Granny's Dancing on the Table,,2015,88,7.4,538,194,https://mubifinder.com/movie/granny-s-dancing-on-the-table/,https://mubi.com/films/granny-s-dancing-on-the-table
Baby Bump,,2015,86,6.0,561,196,https://mubifinder.com/movie/baby-bump/,https://mubi.com/films/baby-bump
Manito,,2002,76,6.7,219,228,https://mubifinder.com/movie/manito/,https://mubi.com/films/manito
The Odds,,2011,92,5.8,291,209,https://mubifinder.com/movie/the-odds/,https://mubi.com/films/the-odds
In omaggio all'arte italiana!,,2015,10,4.9,588,245,https://mubifinder.com/movie/in-omaggio-all-arte-italiana/,https://mubi.com/films/in-omaggio-all-arte-italiana
Cinerama's Russian Adventure,,1966,128,7.9,487,229,https://mubifinder.com/movie/cinerama-s-russian-adventure/,https://mubi.com/films/cinerama-s-russian-adventure
The Best of Cinerama,,1963,144,7.3,331,226,https://mubifinder.com/movie/the-best-of-cinerama/,https://mubi.com/films/the-best-of-cinerama
Where Is the Jungle?,,2015,33,7.4,807,180,https://mubifinder.com/movie/where-is-the-jungle/,https://mubi.com/films/where-is-the-jungle
Paris 05:59: Théo & Hugo,Théo et Hugo dans le même bateau,2016,97,8.0,4474,1,https://mubifinder.com/movie/paris-05-59/,https://mubi.com/films/paris-05-59
Papirosen,,2011,76,7.1,886,244,https://mubifinder.com/movie/papirosen/,https://mubi.com/films/papirosen
My Friend From The Park,Mi amiga del parque,2015,86,6.8,401,143,https://mubifinder.com/movie/my-friend-from-the-park/,https://mubi.com/films/my-friend-from-the-park
Kimjongilia,,2009,75,7.4,1898,218,https://mubifinder.com/movie/kimjongilia/,https://mubi.com/films/kimjongilia
Crayons of Askalan,,2012,53,7.6,363,244,https://mubifinder.com/movie/crayons-of-askalan/,https://mubi.com/films/crayons-of-askalan
Don't Expect Too Much,,2011,73,7.4,895,242,https://mubifinder.com/movie/dont-expect-too-much/,https://mubi.com/films/dont-expect-too-much
Radio Mary,,2017,77,5.6,1424,246,https://mubifinder.com/movie/radio-mary/,https://mubi.com/films/radio-mary
The Dream of Lu,El sueño de Lú,2011,102,7.8,940,244,https://mubifinder.com/movie/the-dream-of-lu/,https://mubi.com/films/the-dream-of-lu
A Radiant Life,Une vie radieuse,2013,17,6.4,1806,227,https://mubifinder.com/movie/a-radiant-life/,https://mubi.com/films/a-radiant-life
Buffalo Juggalos,,2014,30,6.4,1537,244,https://mubifinder.com/movie/buffalo-juggalos/,https://mubi.com/films/buffalo-juggalos
Malaventura,,2011,67,6.7,430,226,https://mubifinder.com/movie/malaventura/,https://mubi.com/films/malaventura
Indecent Desires,,1968,71,5.1,1056,228,https://mubifinder.com/movie/indecent-desires/,https://mubi.com/films/indecent-desires
Bad Girls Go to Hell,,1965,64,5.3,908,228,https://mubifinder.com/movie/bad-girls-go-to-hell/,https://mubi.com/films/bad-girls-go-to-hell
Nude on the Moon,,1961,70,4.6,1076,227,https://mubifinder.com/movie/nude-on-the-moon/,https://mubi.com/films/nude-on-the-moon
Opium,,2016,46,5.4,281,245,https://mubifinder.com/movie/opium-2016/,https://mubi.com/films/opium-2016
From What is Before,Mula sa Kung Ano ang Noon,2014,339,8.6,1278,248,https://mubifinder.com/movie/from-what-is-before/,https://mubi.com/films/from-what-is-before
Isabella Morra,,2015,22,5.3,245,218,https://mubifinder.com/movie/isabella-morra/,https://mubi.com/films/isabella-morra
From the Reports of Security Guards & Patrol Services No.1,Nr. 1 - Aus Berichten der Wach- und Patrouillendienste,1985,10,7.8,1832,248,https://mubifinder.com/movie/from-the-reports-of-security-guards-patrol-services-no1/,https://mubi.com/films/from-the-reports-of-security-guards-patrol-services-no1
Century of Birthing,Siglo ng pagluluwal,2011,359,8.0,417,248,https://mubifinder.com/movie/century-of-birthing/,https://mubi.com/films/century-of-birthing
The Modern Jungle,,2016,71,7.2,431,225,https://mubifinder.com/movie/the-modern-jungle/,https://mubi.com/films/the-modern-jungle
Rouge,"Rouge, le portrait mensonger de Bertrand Bonello",2015,60,7.0,1462,246,https://mubifinder.com/movie/rouge-2015/,https://mubi.com/films/rouge-2015
The Valley Below,,2014,87,7.2,366,241,https://mubifinder.com/movie/the-valley-below/,https://mubi.com/films/the-valley-below
"Storm Children, Book One","Mga Anak ng Unos, Unang Aklat",2014,143,7.2,477,248,https://mubifinder.com/movie/storm-children-book-one/,https://mubi.com/films/storm-children-book-one
Nana,,2011,65,7.3,1218,224,https://mubifinder.com/movie/nana-2011/,https://mubi.com/films/nana-2011
The Wife Master,,2012,81,5.9,397,243,https://mubifinder.com/movie/the-wife-master/,https://mubi.com/films/the-wife-master
"Florentina Hubaldo, CTE",,2012,367,8.2,498,248,https://mubifinder.com/movie/florentina-hubaldo-cte/,https://mubi.com/films/florentina-hubaldo-cte
She's Lost Control,,2014,90,6.8,1439,227,https://mubifinder.com/movie/shes-lost-control/,https://mubi.com/films/shes-lost-control
The Fortress,La forteresse,2008,101,8.2,696,245,https://mubifinder.com/movie/the-fortress-2008/,https://mubi.com/films/the-fortress-2008
The Imprint,La huella,2012,18,7.2,454,227,https://mubifinder.com/movie/the-imprint/,https://mubi.com/films/the-imprint
Fogo,,2012,61,7.1,798,231,https://mubifinder.com/movie/fogo/,https://mubi.com/films/fogo
Primer,,2004,77,7.4,11056,189,https://mubifinder.com/movie/primer/,https://mubi.com/films/primer
An Investigation on the Night that Won’t Forget,Pagsisiyasat sa Gabing Ayaw Lumimot,2012,70,6.2,383,248,https://mubifinder.com/movie/an-investigation-on-the-night-that-wont-forget/,https://mubi.com/films/an-investigation-on-the-night-that-wont-forget
Outer Space,,1999,10,8.1,9708,248,https://mubifinder.com/movie/outer-space/,https://mubi.com/films/outer-space
Trash Humpers,,2009,78,6.2,3095,197,https://mubifinder.com/movie/trash-humpers/,https://mubi.com/films/trash-humpers
"OK, Good",,2012,79,6.9,631,246,https://mubifinder.com/movie/ok-good/,https://mubi.com/films/ok-good
Elegy to the Visitor from the Revolution,Elehiya sa dumalaw mula sa himagsikan,2011,80,6.6,644,248,https://mubifinder.com/movie/elegy-to-the-visitor-from-the-revolution/,https://mubi.com/films/elegy-to-the-visitor-from-the-revolution
Arcadia,,2012,91,7.6,933,211,https://mubifinder.com/movie/arcadia/,https://mubi.com/films/arcadia
The Matador,,2008,75,7.1,388,216,https://mubifinder.com/movie/the-matador-2008/,https://mubi.com/films/the-matador-2008
The Mutability of All Things and the Possibility of Changing Some,De la mutabilité de toute chose et de la possibilité d'en changer certaines,2011,17,5.7,554,224,https://mubifinder.com/movie/the-mutability-of-all-things-and-the-possibility-of-changing-some/,https://mubi.com/films/the-mutability-of-all-things-and-the-possibility-of-changing-some
Toomelah,,2011,101,7.4,253,230,https://mubifinder.com/movie/toomelah/,https://mubi.com/films/toomelah
Hide and Seek,Chuppan Chupai,2013,67,8.0,1078,244,https://mubifinder.com/movie/hide-and-seek-2013-saadat-munir/,https://mubi.com/films/hide-and-seek-2013-saadat-munir
Hail,,2011,104,7.1,637,239,https://mubifinder.com/movie/hail/,https://mubi.com/films/hail
Melancholia,,2008,447,8.4,954,248,https://mubifinder.com/movie/melancholia/,https://mubi.com/films/melancholia
The Ghost That Never Returns,"Привидение, которое не возвращается",1930,94,7.4,409,224,https://mubifinder.com/movie/the-ghost-that-never-returns/,https://mubi.com/films/the-ghost-that-never-returns
A Master Builder,,2013,127,6.8,223,200,https://mubifinder.com/movie/a-master-builder/,https://mubi.com/films/a-master-builder
White Turnips Make It Hard to Sleep,Les navets blancs empêchent de dormir,2011,29,7.4,2858,245,https://mubifinder.com/movie/white-turnips-make-it-hard-to-sleep/,https://mubi.com/films/white-turnips-make-it-hard-to-sleep
For You I Will Fight,Pour toi je ferai bataille,2010,21,6.6,1715,246,https://mubifinder.com/movie/for-you-i-will-fight/,https://mubi.com/films/for-you-i-will-fight
Charlie's Country,,2013,108,8.6,1175,195,https://mubifinder.com/movie/charlies-country/,https://mubi.com/films/charlies-country
A Teacher,,2013,75,5.5,616,223,https://mubifinder.com/movie/a-teacher/,https://mubi.com/films/a-teacher
Manuela Jankovic's War,La guerra de Manuela Jankovic,2014,92,7.7,452,218,https://mubifinder.com/movie/manuela-jankovic-s-war/,https://mubi.com/films/manuela-jankovic-s-war
Memphis,,2013,79,6.7,213,215,https://mubifinder.com/movie/memphis-2013/,https://mubi.com/films/memphis-2013
Arranged,,2007,92,7.1,209,217,https://mubifinder.com/movie/arranged/,https://mubi.com/films/arranged
Heremias (Book One: The Legend of the Lizard Princess),Heremias (Unang aklat: Ang alamat ng prinsesang bayawak),2006,519,8.0,346,248,https://mubifinder.com/movie/heremias-book-one-the-legend-of-the-lizard-princess/,https://mubi.com/films/heremias-book-one-the-legend-of-the-lizard-princess
Arena Azteca Budokan,,2014,46,6.5,269,244,https://mubifinder.com/movie/arena-azteca-budokan/,https://mubi.com/films/arena-azteca-budokan
King of Belgians,Le roi des belges,2012,26,5.8,256,223,https://mubifinder.com/movie/king-of-belgians/,https://mubi.com/films/king-of-belgians
Further Beyond,,2016,88,8.1,1526,244,https://mubifinder.com/movie/further-beyond/,https://mubi.com/films/further-beyond
I Won't Come Back,Ya ne vernus,2014,109,8.4,2224,200,https://mubifinder.com/movie/i-wont-come-back/,https://mubi.com/films/i-wont-come-back
Evolution of a Filipino Family,Ebolusyon ng Isang Pamilyang Pilipino,2005,625,8.5,657,248,https://mubifinder.com/movie/evolution-of-a-filipino-family/,https://mubi.com/films/evolution-of-a-filipino-family
Another Country,,2015,75,8.8,633,6,https://mubifinder.com/movie/another-country-2015/,https://mubi.com/films/another-country-2015
You Are Here,,2010,78,7.4,871,240,https://mubifinder.com/movie/you-are-here/,https://mubi.com/films/you-are-here
Rocket Rain,,2013,99,5.9,202,247,https://mubifinder.com/movie/rocket-rain/,https://mubi.com/films/rocket-rain
The Reconstruction,Ha-Shich'zoor,1994,50,6.4,233,229,https://mubifinder.com/movie/the-reconstruction/,https://mubi.com/films/the-reconstruction
10.000 Km,,2014,104,7.3,4210,176,https://mubifinder.com/movie/10000-km/,https://mubi.com/films/10000-km
La Paz in Buenos Aires,La Paz en Buenos Aires,2013,69,7.1,344,248,https://mubifinder.com/movie/la-paz-in-buenos-aires/,https://mubi.com/films/la-paz-in-buenos-aires
Plastic and glass,,2009,9,6.9,513,230,https://mubifinder.com/movie/plastic-and-glass/,https://mubi.com/films/plastic-and-glass
Merry-Go-Round,,1981,160,6.7,712,201,https://mubifinder.com/movie/merry-go-round/,https://mubi.com/films/merry-go-round
Bad Seed,Mauvaise graine,1934,73,6.9,1249,233,https://mubifinder.com/movie/bad-seed-1934/,https://mubi.com/films/bad-seed-1934
Noroît,,1976,135,6.9,904,196,https://mubifinder.com/movie/noroit/,https://mubi.com/films/noroit
Duelle,Duelle (une quarantaine),1976,121,7.5,2189,208,https://mubifinder.com/movie/duelle/,https://mubi.com/films/duelle
The Future,Il futuro,2013,95,7.0,732,180,https://mubifinder.com/movie/the-future-2013/,https://mubi.com/films/the-future-2013
Parador Húngaro,,2014,79,7.6,506,245,https://mubifinder.com/movie/parador-hungaro/,https://mubi.com/films/parador-hungaro
The Reluctant Revolutionary,,2012,70,8.5,1678,244,https://mubifinder.com/movie/the-reluctant-revolutionary/,https://mubi.com/films/the-reluctant-revolutionary
The Skywalk Is Gone,天橋不見了 | Tian qiao bu jian le,2002,22,7.2,2403,225,https://mubifinder.com/movie/the-skywalk-is-gone/,https://mubi.com/films/the-skywalk-is-gone
"Dance Party, USA",,2006,67,6.5,1135,224,https://mubifinder.com/movie/dance-party-usa/,https://mubi.com/films/dance-party-usa
Too Late for Tears,Killer Bait,1949,101,7.4,756,101,https://mubifinder.com/movie/killer-bait/,https://mubi.com/films/killer-bait
Jess + Moss,,2011,82,7.7,2362,221,https://mubifinder.com/movie/jess-moss/,https://mubi.com/films/jess-moss
Sheep,Mouton,2013,96,6.2,666,244,https://mubifinder.com/movie/sheep-2013/,https://mubi.com/films/sheep-2013
We Can't Go Home Again,,1973,95,7.0,668,242,https://mubifinder.com/movie/we-cant-go-home-again/,https://mubi.com/films/we-cant-go-home-again
Blind Pig Who Wants to Fly,Babi Buta Yang Ingin Terbang,2008,73,6.5,966,244,https://mubifinder.com/movie/blind-pig-who-wants-to-fly/,https://mubi.com/films/blind-pig-who-wants-to-fly
Land of My Dreams,,2012,20,6.2,2446,245,https://mubifinder.com/movie/land-of-my-dreams/,https://mubi.com/films/land-of-my-dreams
"Something, Anything",,2014,89,7.0,1875,243,https://mubifinder.com/movie/something-anything/,https://mubi.com/films/something-anything
Waging War,Pour faire la guerre,2013,31,5.9,312,242,https://mubifinder.com/movie/waging-war/,https://mubi.com/films/waging-war
"The Anabasis of May and Fusako Shigenobu, Masao Adachi and the 27 Years Without Images","L'anabase de May et Fusako Shigenobu, Masao Adachi et 27 années sans images",2011,70,8.1,1107,239,https://mubifinder.com/movie/the-anabasis-of-may-and-fusako-shigenobu-masao-adachi-and-the-27-years-without-images/,https://mubi.com/films/the-anabasis-of-may-and-fusako-shigenobu-masao-adachi-and-the-27-years-without-images
Dream Work,,2001,11,7.9,7297,248,https://mubifinder.com/movie/dream-work/,https://mubi.com/films/dream-work
Teddy Bear,10 timer til Paradis,2012,96,7.9,2203,185,https://mubifinder.com/movie/teddy-bear-2012/,https://mubi.com/films/teddy-bear-2012
Cave of Forgotten Dreams,,2010,90,8.8,10109,132,https://mubifinder.com/movie/cave-of-forgotten-dreams/,https://mubi.com/films/cave-of-forgotten-dreams
Terri,,2011,105,7.7,5747,163,https://mubifinder.com/movie/terri/,https://mubi.com/films/terri
Garden of Delights,Il giardino delle delizie,1967,72,7.0,295,4,https://mubifinder.com/movie/garden-of-delights/,https://mubi.com/films/garden-of-delights
Baghead,,2008,81,6.9,4391,205,https://mubifinder.com/movie/baghead/,https://mubi.com/films/baghead
Following Diana,Sendiri Diana Sendiri,2015,40,7.4,727,238,https://mubifinder.com/movie/following-diana/,https://mubi.com/films/following-diana
The Temptation of St. Tony,Püha Tõnu kiusamine,2009,110,7.9,455,2,https://mubifinder.com/movie/the-temptation-of-st-tony/,https://mubi.com/films/the-temptation-of-st-tony
A Funny Man,Dirch,2011,111,6.4,86,1,https://mubifinder.com/movie/a-funny-man/,https://mubi.com/films/a-funny-man
Altiplano,,2009,106,8.1,793,24,https://mubifinder.com/movie/altiplano/,https://mubi.com/films/altiplano
Applause,Applaus,2009,83,7.2,167,2,https://mubifinder.com/movie/applause/,https://mubi.com/films/applause
Autumn Ball,Sügisball,2007,120,7.3,399,3,https://mubifinder.com/movie/autumn-ball/,https://mubi.com/films/autumn-ball
Suicide Room,Sala samobójców,2011,116,6.4,504,1,https://mubifinder.com/movie/suicide-room/,https://mubi.com/films/suicide-room
As Long as Shotguns Remain,Tant qu'il nous reste des fusils à pompe,2014,30,6.5,2114,245,https://mubifinder.com/movie/as-long-as-shotguns-remain/,https://mubi.com/films/as-long-as-shotguns-remain
Amy George,,2011,95,6.4,555,86,https://mubifinder.com/movie/amy-george/,https://mubi.com/films/amy-george
9 Muses of Star Empire,,2012,82,6.6,1228,247,https://mubifinder.com/movie/9-muses-of-star-empire/,https://mubi.com/films/9-muses-of-star-empire
The Green Wave,,2010,80,7.8,331,205,https://mubifinder.com/movie/the-green-wave/,https://mubi.com/films/the-green-wave
La reine des pommes,,2009,82,7.3,2483,227,https://mubifinder.com/movie/the-queen-of-hearts-2009/,https://mubi.com/films/the-queen-of-hearts-2009
Beast,,2011,82,5.5,308,2,https://mubifinder.com/movie/beast-2011/,https://mubi.com/films/beast-2011
Ashes,หนังสั้นจาก,2012,20,7.1,5885,245,https://mubifinder.com/movie/ashes/,https://mubi.com/films/ashes
