=== MubiFinder Turkey Scraper ===
  Fetching: https://mubifinder.com/movies/country/tr/?availability=available
Total pages detected: 38
  Page 1 → 24 movies
  Page 2/38 …   Fetching: https://mubifinder.com/movies/country/tr/?availability=available&page=2
24 movies
  Page 3/38 …   Fetching: https://mubifinder.com/movies/country/tr/?availability=available&page=3
24 movies
  Page 4/38 …   Fetching: https://mubifinder.com/movies/country/tr/?availability=available&page=4
24 movies
  Page 5/38 …   Fetching: https://mubifinder.com/movies/country/tr/?availability=available&page=5
24 movies
  Page 6/38 …   Fetching: https://mubifinder.com/movies/country/tr/?availability=available&page=6
24 movies
  Page 7/38 …   Fetching: https://mubifinder.com/movies/country/tr/?availability=available&page=7
24 movies
  Page 8/38 …   Fetching: https://mubifinder.com/movies/country/tr/?availability=available&page=8
24 movies
  Page 9/38 …   Fetching: https://mubifinder.com/movies/country/tr/?availability=available&page=9
24 movies
  Page 10/38 …   Fetching: https://mubifinder.com/movies/country/tr/?availability=available&page=10
24 movies
  Page 11/38 …   Fetching: https://mubifinder.com/movies/country/tr/?availability=available&page=11
24 movies
  Page 12/38 …   Fetching: https://mubifinder.com/movies/country/tr/?availability=available&page=12
24 movies
  Page 13/38 …   Fetching: https://mubifinder.com/movies/country/tr/?availability=available&page=13
24 movies
  Page 14/38 …   Fetching: https://mubifinder.com/movies/country/tr/?availability=available&page=14
24 movies
  Page 15/38 …   Fetching: https://mubifinder.com/movies/country/tr/?availability=available&page=15
24 movies
  Page 16/38 …   Fetching: https://mubifinder.com/movies/country/tr/?availability=available&page=16
24 movies
  Page 17/38 …   Fetching: https://mubifinder.com/movies/country/tr/?availability=available&page=17
24 movies
  Page 18/38 …   Fetching: https://mubifinder.com/movies/country/tr/?availability=available&page=18
24 movies
  Page 19/38 …   Fetching: https://mubifinder.com/movies/country/tr/?availability=available&page=19
24 movies
  Page 20/38 …   Fetching: https://mubifinder.com/movies/country/tr/?availability=available&page=20
24 movies
  Page 21/38 …   Fetching: https://mubifinder.com/movies/country/tr/?availability=available&page=21
24 movies
  Page 22/38 …   Fetching: https://mubifinder.com/movies/country/tr/?availability=available&page=22
24 movies
  Page 23/38 …   Fetching: https://mubifinder.com/movies/country/tr/?availability=available&page=23
24 movies
  Page 24/38 …   Fetching: https://mubifinder.com/movies/country/tr/?availability=available&page=24
24 movies
  Page 25/38 …   Fetching: https://mubifinder.com/movies/country/tr/?availability=available&page=25
24 movies
  Page 26/38 …   Fetching: https://mubifinder.com/movies/country/tr/?availability=available&page=26
24 movies
  Page 27/38 …   Fetching: https://mubifinder.com/movies/country/tr/?availability=available&page=27
24 movies
  Page 28/38 …   Fetching: https://mubifinder.com/movies/country/tr/?availability=available&page=28
24 movies
  Page 29/38 …   Fetching: https://mubifinder.com/movies/country/tr/?availability=available&page=29
24 movies
  Page 30/38 …   Fetching: https://mubifinder.com/movies/country/tr/?availability=available&page=30
24 movies
  Page 31/38 …   Fetching: https://mubifinder.com/movies/country/tr/?availability=available&page=31
24 movies
  Page 32/38 …   Fetching: https://mubifinder.com/movies/country/tr/?availability=available&page=32
24 movies
  Page 33/38 …   Fetching: https://mubifinder.com/movies/country/tr/?availability=available&page=33
24 movies
  Page 34/38 …   Fetching: https://mubifinder.com/movies/country/tr/?availability=available&page=34
24 movies
  Page 35/38 …   Fetching: https://mubifinder.com/movies/country/tr/?availability=available&page=35
24 movies
  Page 36/38 …   Fetching: https://mubifinder.com/movies/country/tr/?availability=available&page=36
24 movies
  Page 37/38 …   Fetching: https://mubifinder.com/movies/country/tr/?availability=available&page=37
24 movies
  Page 38/38 …   Fetching: https://mubifinder.com/movies/country/tr/?availability=available&page=38
9 movies

Total unique movies: 897

Fetching movie detail pages for accurate titles and MUBI links...
  [1/897] https://mubifinder.com/movie/across-the-sea-2014/
  Fetching: https://mubifinder.com/movie/across-the-sea-2014/
  [2/897] https://mubifinder.com/movie/hardcore/
  Fetching: https://mubifinder.com/movie/hardcore/
  [3/897] https://mubifinder.com/movie/orphan-2025/
  Fetching: https://mubifinder.com/movie/orphan-2025/
  [4/897] https://mubifinder.com/movie/ticket-of-no-return/
  Fetching: https://mubifinder.com/movie/ticket-of-no-return/
  [5/897] https://mubifinder.com/movie/god-is-shy/
  Fetching: https://mubifinder.com/movie/god-is-shy/
  [6/897] https://mubifinder.com/movie/dorian-gray-in-the-mirror-of-the-yellow-press/
  Fetching: https://mubifinder.com/movie/dorian-gray-in-the-mirror-of-the-yellow-press/
  [7/897] https://mubifinder.com/movie/7-piano-sketches/
  Fetching: https://mubifinder.com/movie/7-piano-sketches/
  [8/897] https://mubifinder.com/movie/the-rise-and-fall-and-rise-of-david/
  Fetching: https://mubifinder.com/movie/the-rise-and-fall-and-rise-of-david/
  [9/897] https://mubifinder.com/movie/kes/
  Fetching: https://mubifinder.com/movie/kes/
  [10/897] https://mubifinder.com/movie/russian-ark/
  Fetching: https://mubifinder.com/movie/russian-ark/
  [11/897] https://mubifinder.com/movie/alexandra/
  Fetching: https://mubifinder.com/movie/alexandra/
  [12/897] https://mubifinder.com/movie/life-2015/
  Fetching: https://mubifinder.com/movie/life-2015/
  [13/897] https://mubifinder.com/movie/no-other-choice/
  Fetching: https://mubifinder.com/movie/no-other-choice/
  [14/897] https://mubifinder.com/movie/infinite-football/
  Fetching: https://mubifinder.com/movie/infinite-football/
  [15/897] https://mubifinder.com/movie/almost-certainly-false/
  Fetching: https://mubifinder.com/movie/almost-certainly-false/
  [16/897] https://mubifinder.com/movie/blind-2014/
  Fetching: https://mubifinder.com/movie/blind-2014/
  [17/897] https://mubifinder.com/movie/the-vanishing/
  Fetching: https://mubifinder.com/movie/the-vanishing/
  [18/897] https://mubifinder.com/movie/the-zone-of-interest/
  Fetching: https://mubifinder.com/movie/the-zone-of-interest/
  [19/897] https://mubifinder.com/movie/in-his-fortress/
  Fetching: https://mubifinder.com/movie/in-his-fortress/
  [20/897] https://mubifinder.com/movie/pacifiction/
  Fetching: https://mubifinder.com/movie/pacifiction/
  [21/897] https://mubifinder.com/movie/liberte/
  Fetching: https://mubifinder.com/movie/liberte/
  [22/897] https://mubifinder.com/movie/tardes-de-soledad/
  Fetching: https://mubifinder.com/movie/tardes-de-soledad/
  [23/897] https://mubifinder.com/movie/persepolis/
  Fetching: https://mubifinder.com/movie/persepolis/
  [24/897] https://mubifinder.com/movie/early-summer/
  Fetching: https://mubifinder.com/movie/early-summer/
  [25/897] https://mubifinder.com/movie/tokyo-story/
  Fetching: https://mubifinder.com/movie/tokyo-story/
  [26/897] https://mubifinder.com/movie/late-spring/
  Fetching: https://mubifinder.com/movie/late-spring/
  [27/897] https://mubifinder.com/movie/good-morning/
  Fetching: https://mubifinder.com/movie/good-morning/
  [28/897] https://mubifinder.com/movie/tokyo-twilight/
  Fetching: https://mubifinder.com/movie/tokyo-twilight/
  [29/897] https://mubifinder.com/movie/flavor-of-green-tea-over-rice/
  Fetching: https://mubifinder.com/movie/flavor-of-green-tea-over-rice/
  [30/897] https://mubifinder.com/movie/the-only-son/
  Fetching: https://mubifinder.com/movie/the-only-son/
  [31/897] https://mubifinder.com/movie/hesitation-wound/
  Fetching: https://mubifinder.com/movie/hesitation-wound/
  [32/897] https://mubifinder.com/movie/between-two-dawns/
  Fetching: https://mubifinder.com/movie/between-two-dawns/
  [33/897] https://mubifinder.com/movie/freak-orlando/
  Fetching: https://mubifinder.com/movie/freak-orlando/
  [34/897] https://mubifinder.com/movie/to-wong-foo-thanks-for-everything-julie-newmar/
  Fetching: https://mubifinder.com/movie/to-wong-foo-thanks-for-everything-julie-newmar/
  [35/897] https://mubifinder.com/movie/the-color-of-pomegranates/
  Fetching: https://mubifinder.com/movie/the-color-of-pomegranates/
  [36/897] https://mubifinder.com/movie/sentimental-value/
  Fetching: https://mubifinder.com/movie/sentimental-value/
  [37/897] https://mubifinder.com/movie/ziba-2015/
  Fetching: https://mubifinder.com/movie/ziba-2015/
  [38/897] https://mubifinder.com/movie/sex-lies-and-videotape/
  Fetching: https://mubifinder.com/movie/sex-lies-and-videotape/
  [39/897] https://mubifinder.com/movie/taxi-driver/
  Fetching: https://mubifinder.com/movie/taxi-driver/
  [40/897] https://mubifinder.com/movie/peter-hujar-s-day/
  Fetching: https://mubifinder.com/movie/peter-hujar-s-day/
  [41/897] https://mubifinder.com/movie/this-is-spinal-tap/
  Fetching: https://mubifinder.com/movie/this-is-spinal-tap/
  [42/897] https://mubifinder.com/movie/blade-runner-2049/
  Fetching: https://mubifinder.com/movie/blade-runner-2049/
  [43/897] https://mubifinder.com/movie/mermaids/
  Fetching: https://mubifinder.com/movie/mermaids/
  [44/897] https://mubifinder.com/movie/moonstruck/
  Fetching: https://mubifinder.com/movie/moonstruck/
  [45/897] https://mubifinder.com/movie/this-is-not-a-film/
  Fetching: https://mubifinder.com/movie/this-is-not-a-film/
  [46/897] https://mubifinder.com/movie/chess-of-the-wind/
  Fetching: https://mubifinder.com/movie/chess-of-the-wind/
  [47/897] https://mubifinder.com/movie/fish-cat/
  Fetching: https://mubifinder.com/movie/fish-cat/
  [48/897] https://mubifinder.com/movie/the-cow/
  Fetching: https://mubifinder.com/movie/the-cow/
  [49/897] https://mubifinder.com/movie/ema-2019/
  Fetching: https://mubifinder.com/movie/ema-2019/
  [50/897] https://mubifinder.com/movie/snow-and-the-bear/
  Fetching: https://mubifinder.com/movie/snow-and-the-bear/
  [51/897] https://mubifinder.com/movie/gener8ion-storm-starring-yung-lean-mv/
  Fetching: https://mubifinder.com/movie/gener8ion-storm-starring-yung-lean-mv/
  [52/897] https://mubifinder.com/movie/the-mysterious-gaze-of-the-flamingo/
  Fetching: https://mubifinder.com/movie/the-mysterious-gaze-of-the-flamingo/
  [53/897] https://mubifinder.com/movie/marie-antoinette/
  Fetching: https://mubifinder.com/movie/marie-antoinette/
  [54/897] https://mubifinder.com/movie/tenere/
  Fetching: https://mubifinder.com/movie/tenere/
  [55/897] https://mubifinder.com/movie/the-braves/
  Fetching: https://mubifinder.com/movie/the-braves/
  [56/897] https://mubifinder.com/movie/while-we-re-young/
  Fetching: https://mubifinder.com/movie/while-we-re-young/
  [57/897] https://mubifinder.com/movie/la-grazia/
  Fetching: https://mubifinder.com/movie/la-grazia/
  [58/897] https://mubifinder.com/movie/bamako/
  Fetching: https://mubifinder.com/movie/bamako/
  [59/897] https://mubifinder.com/movie/monangambeee/
  Fetching: https://mubifinder.com/movie/monangambeee/
  [60/897] https://mubifinder.com/movie/abouna/
  Fetching: https://mubifinder.com/movie/abouna/
  [61/897] https://mubifinder.com/movie/the-blazing-sun-1954/
  Fetching: https://mubifinder.com/movie/the-blazing-sun-1954/
  [62/897] https://mubifinder.com/movie/the-choice/
  Fetching: https://mubifinder.com/movie/the-choice/
  [63/897] https://mubifinder.com/movie/chronicle-of-the-years-of-fire/
  Fetching: https://mubifinder.com/movie/chronicle-of-the-years-of-fire/
  [64/897] https://mubifinder.com/movie/it-was-nice-to-meet-you/
  Fetching: https://mubifinder.com/movie/it-was-nice-to-meet-you/
  [65/897] https://mubifinder.com/movie/life-and-nothing-more/
  Fetching: https://mubifinder.com/movie/life-and-nothing-more/
  [66/897] https://mubifinder.com/movie/do-the-right-thing/
  Fetching: https://mubifinder.com/movie/do-the-right-thing/
  [67/897] https://mubifinder.com/movie/bones-and-all/
  Fetching: https://mubifinder.com/movie/bones-and-all/
  [68/897] https://mubifinder.com/movie/ice-cream-2014/
  Fetching: https://mubifinder.com/movie/ice-cream-2014/
  [69/897] https://mubifinder.com/movie/musa/
  Fetching: https://mubifinder.com/movie/musa/
  [70/897] https://mubifinder.com/movie/the-criminals-2020/
  Fetching: https://mubifinder.com/movie/the-criminals-2020/
  [71/897] https://mubifinder.com/movie/bicycle-2010/
  Fetching: https://mubifinder.com/movie/bicycle-2010/
  [72/897] https://mubifinder.com/movie/a-poet-2025/
  Fetching: https://mubifinder.com/movie/a-poet-2025/
  [73/897] https://mubifinder.com/movie/serpico/
  Fetching: https://mubifinder.com/movie/serpico/
  [74/897] https://mubifinder.com/movie/sound-of-falling/
  Fetching: https://mubifinder.com/movie/sound-of-falling/
  [75/897] https://mubifinder.com/movie/agon-2025/
  Fetching: https://mubifinder.com/movie/agon-2025/
  [76/897] https://mubifinder.com/movie/easy-rider/
  Fetching: https://mubifinder.com/movie/easy-rider/
  [77/897] https://mubifinder.com/movie/five-easy-pieces/
  Fetching: https://mubifinder.com/movie/five-easy-pieces/
  [78/897] https://mubifinder.com/movie/shadow-2018/
  Fetching: https://mubifinder.com/movie/shadow-2018/
  [79/897] https://mubifinder.com/movie/hugo/
  Fetching: https://mubifinder.com/movie/hugo/
  [80/897] https://mubifinder.com/movie/vinil-verde/
  Fetching: https://mubifinder.com/movie/vinil-verde/
  [81/897] https://mubifinder.com/movie/cold-tropics/
  Fetching: https://mubifinder.com/movie/cold-tropics/
  [82/897] https://mubifinder.com/movie/friday-night-saturday-morning/
  Fetching: https://mubifinder.com/movie/friday-night-saturday-morning/
  [83/897] https://mubifinder.com/movie/eletrodomestica/
  Fetching: https://mubifinder.com/movie/eletrodomestica/
  [84/897] https://mubifinder.com/movie/bacurau/
  Fetching: https://mubifinder.com/movie/bacurau/
  [85/897] https://mubifinder.com/movie/aquarius/
  Fetching: https://mubifinder.com/movie/aquarius/
  [86/897] https://mubifinder.com/movie/pompei-below-the-clouds/
  Fetching: https://mubifinder.com/movie/pompei-below-the-clouds/
  [87/897] https://mubifinder.com/movie/endless-cookie/
  Fetching: https://mubifinder.com/movie/endless-cookie/
  [88/897] https://mubifinder.com/movie/the-gold-rush/
  Fetching: https://mubifinder.com/movie/the-gold-rush/
  [89/897] https://mubifinder.com/movie/bitter-coffee-2024/
  Fetching: https://mubifinder.com/movie/bitter-coffee-2024/
  [90/897] https://mubifinder.com/movie/cheers-to-the-end/
  Fetching: https://mubifinder.com/movie/cheers-to-the-end/
  [91/897] https://mubifinder.com/movie/magallanes/
  Fetching: https://mubifinder.com/movie/magallanes/
  [92/897] https://mubifinder.com/movie/28-days-later/
  Fetching: https://mubifinder.com/movie/28-days-later/
  [93/897] https://mubifinder.com/movie/my-father-s-shadow/
  Fetching: https://mubifinder.com/movie/my-father-s-shadow/
  [94/897] https://mubifinder.com/movie/lizard-2020/
  Fetching: https://mubifinder.com/movie/lizard-2020/
  [95/897] https://mubifinder.com/movie/dream-scenario/
  Fetching: https://mubifinder.com/movie/dream-scenario/
  [96/897] https://mubifinder.com/movie/longlegs/
  Fetching: https://mubifinder.com/movie/longlegs/
  [97/897] https://mubifinder.com/movie/glass-curtain/
  Fetching: https://mubifinder.com/movie/glass-curtain/
  [98/897] https://mubifinder.com/movie/fractured-2020/
  Fetching: https://mubifinder.com/movie/fractured-2020/
  [99/897] https://mubifinder.com/movie/yellow-heat/
  Fetching: https://mubifinder.com/movie/yellow-heat/
  [100/897] https://mubifinder.com/movie/chapters-1-3-my-undesirable-friends-part-i-last-air-in-moscow/
  Fetching: https://mubifinder.com/movie/chapters-1-3-my-undesirable-friends-part-i-last-air-in-moscow/
  [101/897] https://mubifinder.com/movie/chapters-4-5-my-undesirable-friends-part-i-last-air-in-moscow/
  Fetching: https://mubifinder.com/movie/chapters-4-5-my-undesirable-friends-part-i-last-air-in-moscow/
  [102/897] https://mubifinder.com/movie/on-the-waterfront/
  Fetching: https://mubifinder.com/movie/on-the-waterfront/
  [103/897] https://mubifinder.com/movie/sans-soleil/
  Fetching: https://mubifinder.com/movie/sans-soleil/
  [104/897] https://mubifinder.com/movie/fruits-of-passion/
  Fetching: https://mubifinder.com/movie/fruits-of-passion/
  [105/897] https://mubifinder.com/movie/empire-of-passion/
  Fetching: https://mubifinder.com/movie/empire-of-passion/
  [106/897] https://mubifinder.com/movie/in-the-realm-of-the-senses/
  Fetching: https://mubifinder.com/movie/in-the-realm-of-the-senses/
  [107/897] https://mubifinder.com/movie/la-bete/
  Fetching: https://mubifinder.com/movie/la-bete/
  [108/897] https://mubifinder.com/movie/la-grande-bouffe/
  Fetching: https://mubifinder.com/movie/la-grande-bouffe/
  [109/897] https://mubifinder.com/movie/mouchette/
  Fetching: https://mubifinder.com/movie/mouchette/
  [110/897] https://mubifinder.com/movie/2-or-3-things-i-know-about-her/
  Fetching: https://mubifinder.com/movie/2-or-3-things-i-know-about-her/
  [111/897] https://mubifinder.com/movie/masculin-feminin/
  Fetching: https://mubifinder.com/movie/masculin-feminin/
  [112/897] https://mubifinder.com/movie/au-hasard-balthazar/
  Fetching: https://mubifinder.com/movie/au-hasard-balthazar/
  [113/897] https://mubifinder.com/movie/the-snails/
  Fetching: https://mubifinder.com/movie/the-snails/
  [114/897] https://mubifinder.com/movie/a-valparaiso/
  Fetching: https://mubifinder.com/movie/a-valparaiso/
  [115/897] https://mubifinder.com/movie/muriel-or-the-time-of-return/
  Fetching: https://mubifinder.com/movie/muriel-or-the-time-of-return/
  [116/897] https://mubifinder.com/movie/la-jetee/
  Fetching: https://mubifinder.com/movie/la-jetee/
  [117/897] https://mubifinder.com/movie/chronicle-of-a-summer/
  Fetching: https://mubifinder.com/movie/chronicle-of-a-summer/
  [118/897] https://mubifinder.com/movie/hiroshima-mon-amour/
  Fetching: https://mubifinder.com/movie/hiroshima-mon-amour/
  [119/897] https://mubifinder.com/movie/broadway-by-light/
  Fetching: https://mubifinder.com/movie/broadway-by-light/
  [120/897] https://mubifinder.com/movie/letter-from-siberia/
  Fetching: https://mubifinder.com/movie/letter-from-siberia/
  [121/897] https://mubifinder.com/movie/night-and-fog/
  Fetching: https://mubifinder.com/movie/night-and-fog/
  [122/897] https://mubifinder.com/movie/a-strange-colour-of-dream/
  Fetching: https://mubifinder.com/movie/a-strange-colour-of-dream/
  [123/897] https://mubifinder.com/movie/eve-the-killer-momentary-documentary/
  Fetching: https://mubifinder.com/movie/eve-the-killer-momentary-documentary/
  [124/897] https://mubifinder.com/movie/aysel-the-daughter-of-the-marsh/
  Fetching: https://mubifinder.com/movie/aysel-the-daughter-of-the-marsh/
  [125/897] https://mubifinder.com/movie/short-sharp-shock/
  Fetching: https://mubifinder.com/movie/short-sharp-shock/
  [126/897] https://mubifinder.com/movie/trainspotting/
  Fetching: https://mubifinder.com/movie/trainspotting/
  [127/897] https://mubifinder.com/movie/kadikoy-un-en-iyi-falcisi/
  Fetching: https://mubifinder.com/movie/kadikoy-un-en-iyi-falcisi/
  [128/897] https://mubifinder.com/movie/at-berkeley/
  Fetching: https://mubifinder.com/movie/at-berkeley/
  [129/897] https://mubifinder.com/movie/apollon-by-day-athena-by-night/
  Fetching: https://mubifinder.com/movie/apollon-by-day-athena-by-night/
  [130/897] https://mubifinder.com/movie/androktones/
  Fetching: https://mubifinder.com/movie/androktones/
  [131/897] https://mubifinder.com/movie/whores-glory/
  Fetching: https://mubifinder.com/movie/whores-glory/
  [132/897] https://mubifinder.com/movie/u-july-22/
  Fetching: https://mubifinder.com/movie/u-july-22/
  [133/897] https://mubifinder.com/movie/the-store/
  Fetching: https://mubifinder.com/movie/the-store/
  [134/897] https://mubifinder.com/movie/sweet-country-2017/
  Fetching: https://mubifinder.com/movie/sweet-country-2017/
  [135/897] https://mubifinder.com/movie/a-regular-woman/
  Fetching: https://mubifinder.com/movie/a-regular-woman/
  [136/897] https://mubifinder.com/movie/city-hall-2020/
  Fetching: https://mubifinder.com/movie/city-hall-2020/
  [137/897] https://mubifinder.com/movie/model/
  Fetching: https://mubifinder.com/movie/model/
  [138/897] https://mubifinder.com/movie/law-and-order/
  Fetching: https://mubifinder.com/movie/law-and-order/
  [139/897] https://mubifinder.com/movie/high-school/
  Fetching: https://mubifinder.com/movie/high-school/
  [140/897] https://mubifinder.com/movie/in-jackson-heights/
  Fetching: https://mubifinder.com/movie/in-jackson-heights/
  [141/897] https://mubifinder.com/movie/aspen/
  Fetching: https://mubifinder.com/movie/aspen/
  [142/897] https://mubifinder.com/movie/bullhead/
  Fetching: https://mubifinder.com/movie/bullhead/
  [143/897] https://mubifinder.com/movie/otherwise-in-istanbul/
  Fetching: https://mubifinder.com/movie/otherwise-in-istanbul/
  [144/897] https://mubifinder.com/movie/tulay-german-years-of-fire-and-cinders/
  Fetching: https://mubifinder.com/movie/tulay-german-years-of-fire-and-cinders/
  [145/897] https://mubifinder.com/movie/being-john-malkovich/
  Fetching: https://mubifinder.com/movie/being-john-malkovich/
  [146/897] https://mubifinder.com/movie/corsage/
  Fetching: https://mubifinder.com/movie/corsage/
  [147/897] https://mubifinder.com/movie/offside/
  Fetching: https://mubifinder.com/movie/offside/
  [148/897] https://mubifinder.com/movie/the-white-balloon/
  Fetching: https://mubifinder.com/movie/the-white-balloon/
  [149/897] https://mubifinder.com/movie/no-bears/
  Fetching: https://mubifinder.com/movie/no-bears/
  [150/897] https://mubifinder.com/movie/3-faces-2018/
  Fetching: https://mubifinder.com/movie/3-faces-2018/
  [151/897] https://mubifinder.com/movie/taxi-tehran-2015/
  Fetching: https://mubifinder.com/movie/taxi-tehran-2015/
  [152/897] https://mubifinder.com/movie/closed-curtain/
  Fetching: https://mubifinder.com/movie/closed-curtain/
  [153/897] https://mubifinder.com/movie/crimson-gold/
  Fetching: https://mubifinder.com/movie/crimson-gold/
  [154/897] https://mubifinder.com/movie/the-circle/
  Fetching: https://mubifinder.com/movie/the-circle/
  [155/897] https://mubifinder.com/movie/the-mirror-1997/
  Fetching: https://mubifinder.com/movie/the-mirror-1997/
  [156/897] https://mubifinder.com/movie/discipline-2026/
  Fetching: https://mubifinder.com/movie/discipline-2026/
  [157/897] https://mubifinder.com/movie/madeinusa/
  Fetching: https://mubifinder.com/movie/madeinusa/
  [158/897] https://mubifinder.com/movie/the-capsule/
  Fetching: https://mubifinder.com/movie/the-capsule/
  [159/897] https://mubifinder.com/movie/chevalier/
  Fetching: https://mubifinder.com/movie/chevalier/
  [160/897] https://mubifinder.com/movie/home-cooking-2024/
  Fetching: https://mubifinder.com/movie/home-cooking-2024/
  [161/897] https://mubifinder.com/movie/wild-women-of-anatolia/
  Fetching: https://mubifinder.com/movie/wild-women-of-anatolia/
  [162/897] https://mubifinder.com/movie/it-was-just-an-accident/
  Fetching: https://mubifinder.com/movie/it-was-just-an-accident/
  [163/897] https://mubifinder.com/movie/wadjda/
  Fetching: https://mubifinder.com/movie/wadjda/
  [164/897] https://mubifinder.com/movie/we-need-to-talk-about-kevin/
  Fetching: https://mubifinder.com/movie/we-need-to-talk-about-kevin/
  [165/897] https://mubifinder.com/movie/millennium-mambo/
  Fetching: https://mubifinder.com/movie/millennium-mambo/
  [166/897] https://mubifinder.com/movie/ingrid-goes-west/
  Fetching: https://mubifinder.com/movie/ingrid-goes-west/
  [167/897] https://mubifinder.com/movie/thoroughbred/
  Fetching: https://mubifinder.com/movie/thoroughbred/
  [168/897] https://mubifinder.com/movie/fargo/
  Fetching: https://mubifinder.com/movie/fargo/
  [169/897] https://mubifinder.com/movie/the-silence-of-the-lambs/
  Fetching: https://mubifinder.com/movie/the-silence-of-the-lambs/
  [170/897] https://mubifinder.com/movie/midnight-cowboy/
  Fetching: https://mubifinder.com/movie/midnight-cowboy/
  [171/897] https://mubifinder.com/movie/in-the-heat-of-the-night/
  Fetching: https://mubifinder.com/movie/in-the-heat-of-the-night/
  [172/897] https://mubifinder.com/movie/lawrence-of-arabia/
  Fetching: https://mubifinder.com/movie/lawrence-of-arabia/
  [173/897] https://mubifinder.com/movie/close-encounters-of-the-third-kind/
  Fetching: https://mubifinder.com/movie/close-encounters-of-the-third-kind/
  [174/897] https://mubifinder.com/movie/nickel-boys/
  Fetching: https://mubifinder.com/movie/nickel-boys/
  [175/897] https://mubifinder.com/movie/father-mother-sister-brother/
  Fetching: https://mubifinder.com/movie/father-mother-sister-brother/
  [176/897] https://mubifinder.com/movie/8-8-seconds/
  Fetching: https://mubifinder.com/movie/8-8-seconds/
  [177/897] https://mubifinder.com/movie/felicite/
  Fetching: https://mubifinder.com/movie/felicite/
  [178/897] https://mubifinder.com/movie/all-that-jazz/
  Fetching: https://mubifinder.com/movie/all-that-jazz/
  [179/897] https://mubifinder.com/movie/pictures-of-ghosts/
  Fetching: https://mubifinder.com/movie/pictures-of-ghosts/
  [180/897] https://mubifinder.com/movie/a-dream-longer-than-the-night/
  Fetching: https://mubifinder.com/movie/a-dream-longer-than-the-night/
  [181/897] https://mubifinder.com/movie/being-john-smith/
  Fetching: https://mubifinder.com/movie/being-john-smith/
  [182/897] https://mubifinder.com/movie/a-house-made-of-splinters/
  Fetching: https://mubifinder.com/movie/a-house-made-of-splinters/
  [183/897] https://mubifinder.com/movie/12-hours-2022/
  Fetching: https://mubifinder.com/movie/12-hours-2022/
  [184/897] https://mubifinder.com/movie/the-tower-2018-mats-grorud/
  Fetching: https://mubifinder.com/movie/the-tower-2018-mats-grorud/
  [185/897] https://mubifinder.com/movie/the-servant/
  Fetching: https://mubifinder.com/movie/the-servant/
  [186/897] https://mubifinder.com/movie/punch-drunk-love/
  Fetching: https://mubifinder.com/movie/punch-drunk-love/
  [187/897] https://mubifinder.com/movie/sirat/
  Fetching: https://mubifinder.com/movie/sirat/
  [188/897] https://mubifinder.com/movie/motel-destino/
  Fetching: https://mubifinder.com/movie/motel-destino/
  [189/897] https://mubifinder.com/movie/elena/
  Fetching: https://mubifinder.com/movie/elena/
  [190/897] https://mubifinder.com/movie/when-the-fog-is-swept-away/
  Fetching: https://mubifinder.com/movie/when-the-fog-is-swept-away/
  [191/897] https://mubifinder.com/movie/forty-thousand-steps-in-the-covered-bazaar/
  Fetching: https://mubifinder.com/movie/forty-thousand-steps-in-the-covered-bazaar/
  [192/897] https://mubifinder.com/movie/fatma-of-the-forest/
  Fetching: https://mubifinder.com/movie/fatma-of-the-forest/
  [193/897] https://mubifinder.com/movie/the-ballad-of-the-wood/
  Fetching: https://mubifinder.com/movie/the-ballad-of-the-wood/
  [194/897] https://mubifinder.com/movie/three-days-in-kula/
  Fetching: https://mubifinder.com/movie/three-days-in-kula/
  [195/897] https://mubifinder.com/movie/erciyes-in-bereketi/
  Fetching: https://mubifinder.com/movie/erciyes-in-bereketi/
  [196/897] https://mubifinder.com/movie/ozanlar-ve-evler/
  Fetching: https://mubifinder.com/movie/ozanlar-ve-evler/
  [197/897] https://mubifinder.com/movie/a-serious-man/
  Fetching: https://mubifinder.com/movie/a-serious-man/
  [198/897] https://mubifinder.com/movie/basic-instinct/
  Fetching: https://mubifinder.com/movie/basic-instinct/
  [199/897] https://mubifinder.com/movie/inpaintings/
  Fetching: https://mubifinder.com/movie/inpaintings/
  [200/897] https://mubifinder.com/movie/barbara-2012/
  Fetching: https://mubifinder.com/movie/barbara-2012/
  [201/897] https://mubifinder.com/movie/the-practice-2023/
  Fetching: https://mubifinder.com/movie/the-practice-2023/
  [202/897] https://mubifinder.com/movie/transit-2018/
  Fetching: https://mubifinder.com/movie/transit-2018/
  [203/897] https://mubifinder.com/movie/phoenix-2014/
  Fetching: https://mubifinder.com/movie/phoenix-2014/
  [204/897] https://mubifinder.com/movie/jerichow/
  Fetching: https://mubifinder.com/movie/jerichow/
  [205/897] https://mubifinder.com/movie/thief/
  Fetching: https://mubifinder.com/movie/thief/
  [206/897] https://mubifinder.com/movie/when-the-shift-ends/
  Fetching: https://mubifinder.com/movie/when-the-shift-ends/
  [207/897] https://mubifinder.com/movie/groundhog-day/
  Fetching: https://mubifinder.com/movie/groundhog-day/
  [208/897] https://mubifinder.com/movie/hannah-takes-the-stairs/
  Fetching: https://mubifinder.com/movie/hannah-takes-the-stairs/
  [209/897] https://mubifinder.com/movie/the-tamed/
  Fetching: https://mubifinder.com/movie/the-tamed/
  [210/897] https://mubifinder.com/movie/magnificent-obsession/
  Fetching: https://mubifinder.com/movie/magnificent-obsession/
  [211/897] https://mubifinder.com/movie/chilly-scenes-of-winter/
  Fetching: https://mubifinder.com/movie/chilly-scenes-of-winter/
  [212/897] https://mubifinder.com/movie/touki-bouki/
  Fetching: https://mubifinder.com/movie/touki-bouki/
  [213/897] https://mubifinder.com/movie/blind-willow-sleeping-woman/
  Fetching: https://mubifinder.com/movie/blind-willow-sleeping-woman/
  [214/897] https://mubifinder.com/movie/the-sweet-east/
  Fetching: https://mubifinder.com/movie/the-sweet-east/
  [215/897] https://mubifinder.com/movie/die-my-love/
  Fetching: https://mubifinder.com/movie/die-my-love/
  [216/897] https://mubifinder.com/movie/the-cathedral-2021/
  Fetching: https://mubifinder.com/movie/the-cathedral-2021/
  [217/897] https://mubifinder.com/movie/nights-of-cabiria/
  Fetching: https://mubifinder.com/movie/nights-of-cabiria/
  [218/897] https://mubifinder.com/movie/boom-for-real-the-late-teenage-years-of-jean-michel-basquiat/
  Fetching: https://mubifinder.com/movie/boom-for-real-the-late-teenage-years-of-jean-michel-basquiat/
  [219/897] https://mubifinder.com/movie/when-harry-met-sally/
  Fetching: https://mubifinder.com/movie/when-harry-met-sally/
  [220/897] https://mubifinder.com/movie/uncle-boonmee-who-can-recall-his-past-lives/
  Fetching: https://mubifinder.com/movie/uncle-boonmee-who-can-recall-his-past-lives/
  [221/897] https://mubifinder.com/movie/perfumed-nightmare/
  Fetching: https://mubifinder.com/movie/perfumed-nightmare/
  [222/897] https://mubifinder.com/movie/viet-and-nam/
  Fetching: https://mubifinder.com/movie/viet-and-nam/
  [223/897] https://mubifinder.com/movie/notes-of-a-crocodile/
  Fetching: https://mubifinder.com/movie/notes-of-a-crocodile/
  [224/897] https://mubifinder.com/movie/tellurian-drama/
  Fetching: https://mubifinder.com/movie/tellurian-drama/
  [225/897] https://mubifinder.com/movie/oxhide/
  Fetching: https://mubifinder.com/movie/oxhide/
  [226/897] https://mubifinder.com/movie/cemetery-of-splendour/
  Fetching: https://mubifinder.com/movie/cemetery-of-splendour/
  [227/897] https://mubifinder.com/movie/an-asian-ghost-story/
  Fetching: https://mubifinder.com/movie/an-asian-ghost-story/
  [228/897] https://mubifinder.com/movie/pebbles-2021/
  Fetching: https://mubifinder.com/movie/pebbles-2021/
  [229/897] https://mubifinder.com/movie/untitled-77-a/
  Fetching: https://mubifinder.com/movie/untitled-77-a/
  [230/897] https://mubifinder.com/movie/dead-knot/
  Fetching: https://mubifinder.com/movie/dead-knot/
  [231/897] https://mubifinder.com/movie/blue-velvet/
  Fetching: https://mubifinder.com/movie/blue-velvet/
  [232/897] https://mubifinder.com/movie/thelma-louise/
  Fetching: https://mubifinder.com/movie/thelma-louise/
  [233/897] https://mubifinder.com/movie/gerhard-richter-painting/
  Fetching: https://mubifinder.com/movie/gerhard-richter-painting/
  [234/897] https://mubifinder.com/movie/yellow-smile/
  Fetching: https://mubifinder.com/movie/yellow-smile/
  [235/897] https://mubifinder.com/movie/drive-my-car/
  Fetching: https://mubifinder.com/movie/drive-my-car/
  [236/897] https://mubifinder.com/movie/when-i-saw-you/
  Fetching: https://mubifinder.com/movie/when-i-saw-you/
  [237/897] https://mubifinder.com/movie/escapism-2024/
  Fetching: https://mubifinder.com/movie/escapism-2024/
  [238/897] https://mubifinder.com/movie/harvest-of-light/
  Fetching: https://mubifinder.com/movie/harvest-of-light/
  [239/897] https://mubifinder.com/movie/mariner-of-the-mountains/
  Fetching: https://mubifinder.com/movie/mariner-of-the-mountains/
  [240/897] https://mubifinder.com/movie/the-nile-hilton-incident/
  Fetching: https://mubifinder.com/movie/the-nile-hilton-incident/
  [241/897] https://mubifinder.com/movie/attenberg/
  Fetching: https://mubifinder.com/movie/attenberg/
  [242/897] https://mubifinder.com/movie/blood-of-my-blood-2015/
  Fetching: https://mubifinder.com/movie/blood-of-my-blood-2015/
  [243/897] https://mubifinder.com/movie/corpo-celeste/
  Fetching: https://mubifinder.com/movie/corpo-celeste/
  [244/897] https://mubifinder.com/movie/fists-in-the-pocket/
  Fetching: https://mubifinder.com/movie/fists-in-the-pocket/
  [245/897] https://mubifinder.com/movie/la-cienaga/
  Fetching: https://mubifinder.com/movie/la-cienaga/
  [246/897] https://mubifinder.com/movie/paris-belongs-to-us/
  Fetching: https://mubifinder.com/movie/paris-belongs-to-us/
  [247/897] https://mubifinder.com/movie/the-400-blows/
  Fetching: https://mubifinder.com/movie/the-400-blows/
  [248/897] https://mubifinder.com/movie/appropriate-behavior/
  Fetching: https://mubifinder.com/movie/appropriate-behavior/
  [249/897] https://mubifinder.com/movie/certain-women-2016/
  Fetching: https://mubifinder.com/movie/certain-women-2016/
  [250/897] https://mubifinder.com/movie/l-accident-de-piano/
  Fetching: https://mubifinder.com/movie/l-accident-de-piano/
  [251/897] https://mubifinder.com/movie/superbad/
  Fetching: https://mubifinder.com/movie/superbad/
  [252/897] https://mubifinder.com/movie/reprise/
  Fetching: https://mubifinder.com/movie/reprise/
  [253/897] https://mubifinder.com/movie/closer/
  Fetching: https://mubifinder.com/movie/closer/
  [254/897] https://mubifinder.com/movie/festen/
  Fetching: https://mubifinder.com/movie/festen/
  [255/897] https://mubifinder.com/movie/plaza/
  Fetching: https://mubifinder.com/movie/plaza/
  [256/897] https://mubifinder.com/movie/the-blue-angel/
  Fetching: https://mubifinder.com/movie/the-blue-angel/
  [257/897] https://mubifinder.com/movie/metropolis/
  Fetching: https://mubifinder.com/movie/metropolis/
  [258/897] https://mubifinder.com/movie/faust-1926/
  Fetching: https://mubifinder.com/movie/faust-1926/
  [259/897] https://mubifinder.com/movie/exhibition/
  Fetching: https://mubifinder.com/movie/exhibition/
  [260/897] https://mubifinder.com/movie/unrelated/
  Fetching: https://mubifinder.com/movie/unrelated/
  [261/897] https://mubifinder.com/movie/archipelago/
  Fetching: https://mubifinder.com/movie/archipelago/
  [262/897] https://mubifinder.com/movie/athlete/
  Fetching: https://mubifinder.com/movie/athlete/
  [263/897] https://mubifinder.com/movie/the-neon-demon/
  Fetching: https://mubifinder.com/movie/the-neon-demon/
  [264/897] https://mubifinder.com/movie/sometimes-i-think-about-dying-2023/
  Fetching: https://mubifinder.com/movie/sometimes-i-think-about-dying-2023/
  [265/897] https://mubifinder.com/movie/the-mastermind/
  Fetching: https://mubifinder.com/movie/the-mastermind/
  [266/897] https://mubifinder.com/movie/gabbeh/
  Fetching: https://mubifinder.com/movie/gabbeh/
  [267/897] https://mubifinder.com/movie/the-diary-of-an-exile/
  Fetching: https://mubifinder.com/movie/the-diary-of-an-exile/
  [268/897] https://mubifinder.com/movie/un-dessert-pour-constance/
  Fetching: https://mubifinder.com/movie/un-dessert-pour-constance/
  [269/897] https://mubifinder.com/movie/night-moves-2013/
  Fetching: https://mubifinder.com/movie/night-moves-2013/
  [270/897] https://mubifinder.com/movie/old-joy/
  Fetching: https://mubifinder.com/movie/old-joy/
  [271/897] https://mubifinder.com/movie/river-of-grass/
  Fetching: https://mubifinder.com/movie/river-of-grass/
  [272/897] https://mubifinder.com/movie/alien0089/
  Fetching: https://mubifinder.com/movie/alien0089/
  [273/897] https://mubifinder.com/movie/episode-1-2015/
  Fetching: https://mubifinder.com/movie/episode-1-2015/
  [274/897] https://mubifinder.com/movie/wherever-the-path-takes-us/
  Fetching: https://mubifinder.com/movie/wherever-the-path-takes-us/
  [275/897] https://mubifinder.com/movie/mori/
  Fetching: https://mubifinder.com/movie/mori/
  [276/897] https://mubifinder.com/movie/wetlands-2013/
  Fetching: https://mubifinder.com/movie/wetlands-2013/
  [277/897] https://mubifinder.com/movie/oray/
  Fetching: https://mubifinder.com/movie/oray/
  [278/897] https://mubifinder.com/movie/sexual-drive/
  Fetching: https://mubifinder.com/movie/sexual-drive/
  [279/897] https://mubifinder.com/movie/nosferatu/
  Fetching: https://mubifinder.com/movie/nosferatu/
  [280/897] https://mubifinder.com/movie/the-last-laugh/
  Fetching: https://mubifinder.com/movie/the-last-laugh/
  [281/897] https://mubifinder.com/movie/the-cabinet-of-dr-caligari/
  Fetching: https://mubifinder.com/movie/the-cabinet-of-dr-caligari/
  [282/897] https://mubifinder.com/movie/the-lovers-on-the-bridge/
  Fetching: https://mubifinder.com/movie/the-lovers-on-the-bridge/
  [283/897] https://mubifinder.com/movie/hysteria-2025/
  Fetching: https://mubifinder.com/movie/hysteria-2025/
  [284/897] https://mubifinder.com/movie/flux-gourmet/
  Fetching: https://mubifinder.com/movie/flux-gourmet/
  [285/897] https://mubifinder.com/movie/boiling-point-2021/
  Fetching: https://mubifinder.com/movie/boiling-point-2021/
  [286/897] https://mubifinder.com/movie/the-loneliest-planet/
  Fetching: https://mubifinder.com/movie/the-loneliest-planet/
  [287/897] https://mubifinder.com/movie/mimirap/
  Fetching: https://mubifinder.com/movie/mimirap/
  [288/897] https://mubifinder.com/movie/neredesin/
  Fetching: https://mubifinder.com/movie/neredesin/
  [289/897] https://mubifinder.com/movie/lost-in-the-post/
  Fetching: https://mubifinder.com/movie/lost-in-the-post/
  [290/897] https://mubifinder.com/movie/any-time-in-october/
  Fetching: https://mubifinder.com/movie/any-time-in-october/
  [291/897] https://mubifinder.com/movie/song-of-sea/
  Fetching: https://mubifinder.com/movie/song-of-sea/
  [292/897] https://mubifinder.com/movie/magic-farm/
  Fetching: https://mubifinder.com/movie/magic-farm/
  [293/897] https://mubifinder.com/movie/fragments-for-venus/
  Fetching: https://mubifinder.com/movie/fragments-for-venus/
  [294/897] https://mubifinder.com/movie/martin-eden/
  Fetching: https://mubifinder.com/movie/martin-eden/
  [295/897] https://mubifinder.com/movie/lost-and-beautiful/
  Fetching: https://mubifinder.com/movie/lost-and-beautiful/
  [296/897] https://mubifinder.com/movie/soul-kitchen/
  Fetching: https://mubifinder.com/movie/soul-kitchen/
  [297/897] https://mubifinder.com/movie/the-myth-of-the-american-sleepover/
  Fetching: https://mubifinder.com/movie/the-myth-of-the-american-sleepover/
  [298/897] https://mubifinder.com/movie/alps/
  Fetching: https://mubifinder.com/movie/alps/
  [299/897] https://mubifinder.com/movie/kinetta/
  Fetching: https://mubifinder.com/movie/kinetta/
  [300/897] https://mubifinder.com/movie/to-a-land-unknown/
  Fetching: https://mubifinder.com/movie/to-a-land-unknown/
  [301/897] https://mubifinder.com/movie/winter-in-sokcho/
  Fetching: https://mubifinder.com/movie/winter-in-sokcho/
  [302/897] https://mubifinder.com/movie/listen-up-philip/
  Fetching: https://mubifinder.com/movie/listen-up-philip/
  [303/897] https://mubifinder.com/movie/the-adventures-of-sukran-the-lame/
  Fetching: https://mubifinder.com/movie/the-adventures-of-sukran-the-lame/
  [304/897] https://mubifinder.com/movie/thou-gild-st-the-even/
  Fetching: https://mubifinder.com/movie/thou-gild-st-the-even/
  [305/897] https://mubifinder.com/movie/el-planeta/
  Fetching: https://mubifinder.com/movie/el-planeta/
  [306/897] https://mubifinder.com/movie/delicatessen/
  Fetching: https://mubifinder.com/movie/delicatessen/
  [307/897] https://mubifinder.com/movie/my-uncle/
  Fetching: https://mubifinder.com/movie/my-uncle/
  [308/897] https://mubifinder.com/movie/the-city-of-lost-children/
  Fetching: https://mubifinder.com/movie/the-city-of-lost-children/
  [309/897] https://mubifinder.com/movie/hey-there-2021/
  Fetching: https://mubifinder.com/movie/hey-there-2021/
  [310/897] https://mubifinder.com/movie/kosmos/
  Fetching: https://mubifinder.com/movie/kosmos/
  [311/897] https://mubifinder.com/movie/times-and-winds/
  Fetching: https://mubifinder.com/movie/times-and-winds/
  [312/897] https://mubifinder.com/movie/big-big-world/
  Fetching: https://mubifinder.com/movie/big-big-world/
  [313/897] https://mubifinder.com/movie/singing-women/
  Fetching: https://mubifinder.com/movie/singing-women/
  [314/897] https://mubifinder.com/movie/jin/
  Fetching: https://mubifinder.com/movie/jin/
  [315/897] https://mubifinder.com/movie/my-only-sunshine/
  Fetching: https://mubifinder.com/movie/my-only-sunshine/
  [316/897] https://mubifinder.com/movie/what-s-a-human-anyway/
  Fetching: https://mubifinder.com/movie/what-s-a-human-anyway/
  [317/897] https://mubifinder.com/movie/a-run-for-money/
  Fetching: https://mubifinder.com/movie/a-run-for-money/
  [318/897] https://mubifinder.com/movie/manhunter/
  Fetching: https://mubifinder.com/movie/manhunter/
  [319/897] https://mubifinder.com/movie/tomato-pepper-depression/
  Fetching: https://mubifinder.com/movie/tomato-pepper-depression/
  [320/897] https://mubifinder.com/movie/oh-moon/
  Fetching: https://mubifinder.com/movie/oh-moon/
  [321/897] https://mubifinder.com/movie/ran/
  Fetching: https://mubifinder.com/movie/ran/
  [322/897] https://mubifinder.com/movie/behind-open-doors-2023/
  Fetching: https://mubifinder.com/movie/behind-open-doors-2023/
  [323/897] https://mubifinder.com/movie/come-true/
  Fetching: https://mubifinder.com/movie/come-true/
  [324/897] https://mubifinder.com/movie/dormitory/
  Fetching: https://mubifinder.com/movie/dormitory/
  [325/897] https://mubifinder.com/movie/billy-elliot/
  Fetching: https://mubifinder.com/movie/billy-elliot/
  [326/897] https://mubifinder.com/movie/chained-for-life-2018/
  Fetching: https://mubifinder.com/movie/chained-for-life-2018/
  [327/897] https://mubifinder.com/movie/it-s-burning/
  Fetching: https://mubifinder.com/movie/it-s-burning/
  [328/897] https://mubifinder.com/movie/tenemos-la-carne/
  Fetching: https://mubifinder.com/movie/tenemos-la-carne/
  [329/897] https://mubifinder.com/movie/good-morning-mom/
  Fetching: https://mubifinder.com/movie/good-morning-mom/
  [330/897] https://mubifinder.com/movie/recce/
  Fetching: https://mubifinder.com/movie/recce/
  [331/897] https://mubifinder.com/movie/the-awareness-of-dreaming/
  Fetching: https://mubifinder.com/movie/the-awareness-of-dreaming/
  [332/897] https://mubifinder.com/movie/hollywood-90028/
  Fetching: https://mubifinder.com/movie/hollywood-90028/
  [333/897] https://mubifinder.com/movie/three-kilometres-to-the-end-of-the-world/
  Fetching: https://mubifinder.com/movie/three-kilometres-to-the-end-of-the-world/
  [334/897] https://mubifinder.com/movie/dona-flor-and-her-two-husbands/
  Fetching: https://mubifinder.com/movie/dona-flor-and-her-two-husbands/
  [335/897] https://mubifinder.com/movie/we-re-all-going-to-the-world-s-fair/
  Fetching: https://mubifinder.com/movie/we-re-all-going-to-the-world-s-fair/
  [336/897] https://mubifinder.com/movie/dreams-hopes-and-rotating-dolphins/
  Fetching: https://mubifinder.com/movie/dreams-hopes-and-rotating-dolphins/
  [337/897] https://mubifinder.com/movie/hit-the-road-2021/
  Fetching: https://mubifinder.com/movie/hit-the-road-2021/
  [338/897] https://mubifinder.com/movie/wild-diamond/
  Fetching: https://mubifinder.com/movie/wild-diamond/
  [339/897] https://mubifinder.com/movie/arizona-dream/
  Fetching: https://mubifinder.com/movie/arizona-dream/
  [340/897] https://mubifinder.com/movie/the-killing-of-a-sacred-deer/
  Fetching: https://mubifinder.com/movie/the-killing-of-a-sacred-deer/
  [341/897] https://mubifinder.com/movie/plastic-dream/
  Fetching: https://mubifinder.com/movie/plastic-dream/
  [342/897] https://mubifinder.com/movie/anatomy-of-a-fall/
  Fetching: https://mubifinder.com/movie/anatomy-of-a-fall/
  [343/897] https://mubifinder.com/movie/apocalypse-now/
  Fetching: https://mubifinder.com/movie/apocalypse-now/
  [344/897] https://mubifinder.com/movie/dementia-13/
  Fetching: https://mubifinder.com/movie/dementia-13/
  [345/897] https://mubifinder.com/movie/once-upon-a-time-in-the-future-2121/
  Fetching: https://mubifinder.com/movie/once-upon-a-time-in-the-future-2121/
  [346/897] https://mubifinder.com/movie/m-son-of-the-century-chapter-1/
  Fetching: https://mubifinder.com/movie/m-son-of-the-century-chapter-1/
  [347/897] https://mubifinder.com/movie/m-son-of-the-century-chapter-2/
  Fetching: https://mubifinder.com/movie/m-son-of-the-century-chapter-2/
  [348/897] https://mubifinder.com/movie/inland-empire/
  Fetching: https://mubifinder.com/movie/inland-empire/
  [349/897] https://mubifinder.com/movie/mulholland-drive/
  Fetching: https://mubifinder.com/movie/mulholland-drive/
  [350/897] https://mubifinder.com/movie/the-elephant-man/
  Fetching: https://mubifinder.com/movie/the-elephant-man/
  [351/897] https://mubifinder.com/movie/the-straight-story/
  Fetching: https://mubifinder.com/movie/the-straight-story/
  [352/897] https://mubifinder.com/movie/vice-is-broke/
  Fetching: https://mubifinder.com/movie/vice-is-broke/
  [353/897] https://mubifinder.com/movie/hello-my-dear/
  Fetching: https://mubifinder.com/movie/hello-my-dear/
  [354/897] https://mubifinder.com/movie/soil-2017/
  Fetching: https://mubifinder.com/movie/soil-2017/
  [355/897] https://mubifinder.com/movie/tulliana/
  Fetching: https://mubifinder.com/movie/tulliana/
  [356/897] https://mubifinder.com/movie/the-ugly-stepsister/
  Fetching: https://mubifinder.com/movie/the-ugly-stepsister/
  [357/897] https://mubifinder.com/movie/neukolln-spiderman/
  Fetching: https://mubifinder.com/movie/neukolln-spiderman/
  [358/897] https://mubifinder.com/movie/the-golden-glove/
  Fetching: https://mubifinder.com/movie/the-golden-glove/
  [359/897] https://mubifinder.com/movie/in-the-fade/
  Fetching: https://mubifinder.com/movie/in-the-fade/
  [360/897] https://mubifinder.com/movie/the-wind-will-carry-us/
  Fetching: https://mubifinder.com/movie/the-wind-will-carry-us/
  [361/897] https://mubifinder.com/movie/lal/
  Fetching: https://mubifinder.com/movie/lal/
  [362/897] https://mubifinder.com/movie/avarya/
  Fetching: https://mubifinder.com/movie/avarya/
  [363/897] https://mubifinder.com/movie/golden-shot/
  Fetching: https://mubifinder.com/movie/golden-shot/
  [364/897] https://mubifinder.com/movie/hot-milk-2023/
  Fetching: https://mubifinder.com/movie/hot-milk-2023/
  [365/897] https://mubifinder.com/movie/a-quiet-summer-2022/
  Fetching: https://mubifinder.com/movie/a-quiet-summer-2022/
  [366/897] https://mubifinder.com/movie/the-balconettes/
  Fetching: https://mubifinder.com/movie/the-balconettes/
  [367/897] https://mubifinder.com/movie/universal-language/
  Fetching: https://mubifinder.com/movie/universal-language/
  [368/897] https://mubifinder.com/movie/du-cote-dorouet/
  Fetching: https://mubifinder.com/movie/du-cote-dorouet/
  [369/897] https://mubifinder.com/movie/a-cup-of-turkish-coffee/
  Fetching: https://mubifinder.com/movie/a-cup-of-turkish-coffee/
  [370/897] https://mubifinder.com/movie/on-the-shore-2023/
  Fetching: https://mubifinder.com/movie/on-the-shore-2023/
  [371/897] https://mubifinder.com/movie/a-season-in-hakkari/
  Fetching: https://mubifinder.com/movie/a-season-in-hakkari/
  [372/897] https://mubifinder.com/movie/eight-postcards-from-utopia/
  Fetching: https://mubifinder.com/movie/eight-postcards-from-utopia/
  [373/897] https://mubifinder.com/movie/april/
  Fetching: https://mubifinder.com/movie/april/
  [374/897] https://mubifinder.com/movie/the-doll-2024/
  Fetching: https://mubifinder.com/movie/the-doll-2024/
  [375/897] https://mubifinder.com/movie/memento/
  Fetching: https://mubifinder.com/movie/memento/
  [376/897] https://mubifinder.com/movie/les-miserables-2019/
  Fetching: https://mubifinder.com/movie/les-miserables-2019/
  [377/897] https://mubifinder.com/movie/toxic-2024/
  Fetching: https://mubifinder.com/movie/toxic-2024/
  [378/897] https://mubifinder.com/movie/for-the-blinds/
  Fetching: https://mubifinder.com/movie/for-the-blinds/
  [379/897] https://mubifinder.com/movie/children-of-the-white-mountain/
  Fetching: https://mubifinder.com/movie/children-of-the-white-mountain/
  [380/897] https://mubifinder.com/movie/mond/
  Fetching: https://mubifinder.com/movie/mond/
  [381/897] https://mubifinder.com/movie/mimaroglu-remix-project/
  Fetching: https://mubifinder.com/movie/mimaroglu-remix-project/
  [382/897] https://mubifinder.com/movie/mimaroglu-the-robinson-of-manhattan-island/
  Fetching: https://mubifinder.com/movie/mimaroglu-the-robinson-of-manhattan-island/
  [383/897] https://mubifinder.com/movie/bergman-a-year-in-a-life/
  Fetching: https://mubifinder.com/movie/bergman-a-year-in-a-life/
  [384/897] https://mubifinder.com/movie/the-funeral-2023/
  Fetching: https://mubifinder.com/movie/the-funeral-2023/
  [385/897] https://mubifinder.com/movie/the-antenna/
  Fetching: https://mubifinder.com/movie/the-antenna/
  [386/897] https://mubifinder.com/movie/omar/
  Fetching: https://mubifinder.com/movie/omar/
  [387/897] https://mubifinder.com/movie/the-idol-2015/
  Fetching: https://mubifinder.com/movie/the-idol-2015/
  [388/897] https://mubifinder.com/movie/huda-s-salon/
  Fetching: https://mubifinder.com/movie/huda-s-salon/
  [389/897] https://mubifinder.com/movie/last-nomads-in-anatolia-sarikecililer/
  Fetching: https://mubifinder.com/movie/last-nomads-in-anatolia-sarikecililer/
  [390/897] https://mubifinder.com/movie/super-happy-forever/
  Fetching: https://mubifinder.com/movie/super-happy-forever/
  [391/897] https://mubifinder.com/movie/bye-bye-turtle/
  Fetching: https://mubifinder.com/movie/bye-bye-turtle/
  [392/897] https://mubifinder.com/movie/the-friends/
  Fetching: https://mubifinder.com/movie/the-friends/
  [393/897] https://mubifinder.com/movie/moving/
  Fetching: https://mubifinder.com/movie/moving/
  [394/897] https://mubifinder.com/movie/jusqu-a-la-garde/
  Fetching: https://mubifinder.com/movie/jusqu-a-la-garde/
  [395/897] https://mubifinder.com/movie/pixote-the-law-of-the-weakest/
  Fetching: https://mubifinder.com/movie/pixote-the-law-of-the-weakest/
  [396/897] https://mubifinder.com/movie/hakki/
  Fetching: https://mubifinder.com/movie/hakki/
  [397/897] https://mubifinder.com/movie/fire-at-sea/
  Fetching: https://mubifinder.com/movie/fire-at-sea/
  [398/897] https://mubifinder.com/movie/a-touch-of-sin/
  Fetching: https://mubifinder.com/movie/a-touch-of-sin/
  [399/897] https://mubifinder.com/movie/we-need-to-talk-about-dilan/
  Fetching: https://mubifinder.com/movie/we-need-to-talk-about-dilan/
  [400/897] https://mubifinder.com/movie/checkmate-david-lynch/
  Fetching: https://mubifinder.com/movie/checkmate-david-lynch/
  [401/897] https://mubifinder.com/movie/part-18/
  Fetching: https://mubifinder.com/movie/part-18/
  [402/897] https://mubifinder.com/movie/part-16/
  Fetching: https://mubifinder.com/movie/part-16/
  [403/897] https://mubifinder.com/movie/part-17/
  Fetching: https://mubifinder.com/movie/part-17/
  [404/897] https://mubifinder.com/movie/part-14/
  Fetching: https://mubifinder.com/movie/part-14/
  [405/897] https://mubifinder.com/movie/part-8/
  Fetching: https://mubifinder.com/movie/part-8/
  [406/897] https://mubifinder.com/movie/part-13/
  Fetching: https://mubifinder.com/movie/part-13/
  [407/897] https://mubifinder.com/movie/part-15/
  Fetching: https://mubifinder.com/movie/part-15/
  [408/897] https://mubifinder.com/movie/part-9/
  Fetching: https://mubifinder.com/movie/part-9/
  [409/897] https://mubifinder.com/movie/part-10/
  Fetching: https://mubifinder.com/movie/part-10/
  [410/897] https://mubifinder.com/movie/part-12/
  Fetching: https://mubifinder.com/movie/part-12/
  [411/897] https://mubifinder.com/movie/part-4/
  Fetching: https://mubifinder.com/movie/part-4/
  [412/897] https://mubifinder.com/movie/part-5/
  Fetching: https://mubifinder.com/movie/part-5/
  [413/897] https://mubifinder.com/movie/part-11/
  Fetching: https://mubifinder.com/movie/part-11/
  [414/897] https://mubifinder.com/movie/part-6/
  Fetching: https://mubifinder.com/movie/part-6/
  [415/897] https://mubifinder.com/movie/part-7/
  Fetching: https://mubifinder.com/movie/part-7/
  [416/897] https://mubifinder.com/movie/part-3/
  Fetching: https://mubifinder.com/movie/part-3/
  [417/897] https://mubifinder.com/movie/part-2/
  Fetching: https://mubifinder.com/movie/part-2/
  [418/897] https://mubifinder.com/movie/part-1/
  Fetching: https://mubifinder.com/movie/part-1/
  [419/897] https://mubifinder.com/movie/beyond-life-and-death/
  Fetching: https://mubifinder.com/movie/beyond-life-and-death/
  [420/897] https://mubifinder.com/movie/variations-on-relations/
  Fetching: https://mubifinder.com/movie/variations-on-relations/
  [421/897] https://mubifinder.com/movie/on-the-wings-of-love/
  Fetching: https://mubifinder.com/movie/on-the-wings-of-love/
  [422/897] https://mubifinder.com/movie/wounds-and-scars/
  Fetching: https://mubifinder.com/movie/wounds-and-scars/
  [423/897] https://mubifinder.com/movie/the-path-to-the-black-lodge/
  Fetching: https://mubifinder.com/movie/the-path-to-the-black-lodge/
  [424/897] https://mubifinder.com/movie/double-play-david-lynch/
  Fetching: https://mubifinder.com/movie/double-play-david-lynch/
  [425/897] https://mubifinder.com/movie/slaves-and-masters/
  Fetching: https://mubifinder.com/movie/slaves-and-masters/
  [426/897] https://mubifinder.com/movie/the-condemned-woman/
  Fetching: https://mubifinder.com/movie/the-condemned-woman/
  [427/897] https://mubifinder.com/movie/the-black-widow-david-lynch/
  Fetching: https://mubifinder.com/movie/the-black-widow-david-lynch/
  [428/897] https://mubifinder.com/movie/masked-ball-david-lynch/
  Fetching: https://mubifinder.com/movie/masked-ball-david-lynch/
  [429/897] https://mubifinder.com/movie/miss-twin-peaks/
  Fetching: https://mubifinder.com/movie/miss-twin-peaks/
  [430/897] https://mubifinder.com/movie/dispute-between-brothers/
  Fetching: https://mubifinder.com/movie/dispute-between-brothers/
  [431/897] https://mubifinder.com/movie/arbitrary-law/
  Fetching: https://mubifinder.com/movie/arbitrary-law/
  [432/897] https://mubifinder.com/movie/drive-with-a-dead-girl/
  Fetching: https://mubifinder.com/movie/drive-with-a-dead-girl/
  [433/897] https://mubifinder.com/movie/lonely-souls/
  Fetching: https://mubifinder.com/movie/lonely-souls/
  [434/897] https://mubifinder.com/movie/demons-david-lynch/
  Fetching: https://mubifinder.com/movie/demons-david-lynch/
  [435/897] https://mubifinder.com/movie/the-orchid-s-curse/
  Fetching: https://mubifinder.com/movie/the-orchid-s-curse/
  [436/897] https://mubifinder.com/movie/laura-s-secret-diary/
  Fetching: https://mubifinder.com/movie/laura-s-secret-diary/
  [437/897] https://mubifinder.com/movie/rest-in-pain/
  Fetching: https://mubifinder.com/movie/rest-in-pain/
  [438/897] https://mubifinder.com/movie/coma-david-lynch/
  Fetching: https://mubifinder.com/movie/coma-david-lynch/
  [439/897] https://mubifinder.com/movie/the-last-evening/
  Fetching: https://mubifinder.com/movie/the-last-evening/
  [440/897] https://mubifinder.com/movie/may-the-giant-be-with-you/
  Fetching: https://mubifinder.com/movie/may-the-giant-be-with-you/
  [441/897] https://mubifinder.com/movie/the-one-armed-man/
  Fetching: https://mubifinder.com/movie/the-one-armed-man/
  [442/897] https://mubifinder.com/movie/realization-time/
  Fetching: https://mubifinder.com/movie/realization-time/
  [443/897] https://mubifinder.com/movie/zen-or-the-skill-to-catch-a-killer/
  Fetching: https://mubifinder.com/movie/zen-or-the-skill-to-catch-a-killer/
  [444/897] https://mubifinder.com/movie/the-man-behind-the-glass/
  Fetching: https://mubifinder.com/movie/the-man-behind-the-glass/
  [445/897] https://mubifinder.com/movie/traces-to-nowhere/
  Fetching: https://mubifinder.com/movie/traces-to-nowhere/
  [446/897] https://mubifinder.com/movie/cooper-s-dreams/
  Fetching: https://mubifinder.com/movie/cooper-s-dreams/
  [447/897] https://mubifinder.com/movie/northwest-passage-david-lynch/
  Fetching: https://mubifinder.com/movie/northwest-passage-david-lynch/
  [448/897] https://mubifinder.com/movie/my-child/
  Fetching: https://mubifinder.com/movie/my-child/
  [449/897] https://mubifinder.com/movie/how-to-blow-up-a-pipeline/
  Fetching: https://mubifinder.com/movie/how-to-blow-up-a-pipeline/
  [450/897] https://mubifinder.com/movie/tchaikovsky-s-wife/
  Fetching: https://mubifinder.com/movie/tchaikovsky-s-wife/
  [451/897] https://mubifinder.com/movie/the-third-murder/
  Fetching: https://mubifinder.com/movie/the-third-murder/
  [452/897] https://mubifinder.com/movie/after-the-storm-2016/
  Fetching: https://mubifinder.com/movie/after-the-storm-2016/
  [453/897] https://mubifinder.com/movie/the-truth-2019/
  Fetching: https://mubifinder.com/movie/the-truth-2019/
  [454/897] https://mubifinder.com/movie/at-last-2023/
  Fetching: https://mubifinder.com/movie/at-last-2023/
  [455/897] https://mubifinder.com/movie/the-watermelon-woman/
  Fetching: https://mubifinder.com/movie/the-watermelon-woman/
  [456/897] https://mubifinder.com/movie/the-whale-2021/
  Fetching: https://mubifinder.com/movie/the-whale-2021/
  [457/897] https://mubifinder.com/movie/one-of-those-days-when-hemme-dies/
  Fetching: https://mubifinder.com/movie/one-of-those-days-when-hemme-dies/
  [458/897] https://mubifinder.com/movie/the-teacup/
  Fetching: https://mubifinder.com/movie/the-teacup/
  [459/897] https://mubifinder.com/movie/c-mon-c-mon/
  Fetching: https://mubifinder.com/movie/c-mon-c-mon/
  [460/897] https://mubifinder.com/movie/the-code-2024/
  Fetching: https://mubifinder.com/movie/the-code-2024/
  [461/897] https://mubifinder.com/movie/carol-2015/
  Fetching: https://mubifinder.com/movie/carol-2015/
  [462/897] https://mubifinder.com/movie/good-time/
  Fetching: https://mubifinder.com/movie/good-time/
  [463/897] https://mubifinder.com/movie/bad-for-a-moment/
  Fetching: https://mubifinder.com/movie/bad-for-a-moment/
  [464/897] https://mubifinder.com/movie/c-est-pas-moi/
  Fetching: https://mubifinder.com/movie/c-est-pas-moi/
  [465/897] https://mubifinder.com/movie/absent-2024/
  Fetching: https://mubifinder.com/movie/absent-2024/
  [466/897] https://mubifinder.com/movie/september-says/
  Fetching: https://mubifinder.com/movie/september-says/
  [467/897] https://mubifinder.com/movie/we-hit-the-road/
  Fetching: https://mubifinder.com/movie/we-hit-the-road/
  [468/897] https://mubifinder.com/movie/ziazan/
  Fetching: https://mubifinder.com/movie/ziazan/
  [469/897] https://mubifinder.com/movie/the-grand-siege/
  Fetching: https://mubifinder.com/movie/the-grand-siege/
  [470/897] https://mubifinder.com/movie/tendaberry/
  Fetching: https://mubifinder.com/movie/tendaberry/
  [471/897] https://mubifinder.com/movie/collage-2022/
  Fetching: https://mubifinder.com/movie/collage-2022/
  [472/897] https://mubifinder.com/movie/the-crowd-2022/
  Fetching: https://mubifinder.com/movie/the-crowd-2022/
  [473/897] https://mubifinder.com/movie/there-is-nothing-called-home/
  Fetching: https://mubifinder.com/movie/there-is-nothing-called-home/
  [474/897] https://mubifinder.com/movie/how-did-the-pandas-become-extinct/
  Fetching: https://mubifinder.com/movie/how-did-the-pandas-become-extinct/
  [475/897] https://mubifinder.com/movie/vision-2023/
  Fetching: https://mubifinder.com/movie/vision-2023/
  [476/897] https://mubifinder.com/movie/as-if-it-could/
  Fetching: https://mubifinder.com/movie/as-if-it-could/
  [477/897] https://mubifinder.com/movie/the-maze-selcuk-oren/
  Fetching: https://mubifinder.com/movie/the-maze-selcuk-oren/
  [478/897] https://mubifinder.com/movie/game-2022/
  Fetching: https://mubifinder.com/movie/game-2022/
  [479/897] https://mubifinder.com/movie/let-the-sunshine-in/
  Fetching: https://mubifinder.com/movie/let-the-sunshine-in/
  [480/897] https://mubifinder.com/movie/grand-tour/
  Fetching: https://mubifinder.com/movie/grand-tour/
  [481/897] https://mubifinder.com/movie/asparagus/
  Fetching: https://mubifinder.com/movie/asparagus/
  [482/897] https://mubifinder.com/movie/nun-or-never/
  Fetching: https://mubifinder.com/movie/nun-or-never/
  [483/897] https://mubifinder.com/movie/21xoxo/
  Fetching: https://mubifinder.com/movie/21xoxo/
  [484/897] https://mubifinder.com/movie/toomas-beneath-the-valley-of-the-wild-wolves/
  Fetching: https://mubifinder.com/movie/toomas-beneath-the-valley-of-the-wild-wolves/
  [485/897] https://mubifinder.com/movie/tram/
  Fetching: https://mubifinder.com/movie/tram/
  [486/897] https://mubifinder.com/movie/desire-pie/
  Fetching: https://mubifinder.com/movie/desire-pie/
  [487/897] https://mubifinder.com/movie/international-departures/
  Fetching: https://mubifinder.com/movie/international-departures/
  [488/897] https://mubifinder.com/movie/amelie/
  Fetching: https://mubifinder.com/movie/amelie/
  [489/897] https://mubifinder.com/movie/dinner-in-america/
  Fetching: https://mubifinder.com/movie/dinner-in-america/
  [490/897] https://mubifinder.com/movie/bug-diner/
  Fetching: https://mubifinder.com/movie/bug-diner/
  [491/897] https://mubifinder.com/movie/my-little-one/
  Fetching: https://mubifinder.com/movie/my-little-one/
  [492/897] https://mubifinder.com/movie/varda-by-agnes/
  Fetching: https://mubifinder.com/movie/varda-by-agnes/
  [493/897] https://mubifinder.com/movie/bring-them-down/
  Fetching: https://mubifinder.com/movie/bring-them-down/
  [494/897] https://mubifinder.com/movie/two-lines/
  Fetching: https://mubifinder.com/movie/two-lines/
  [495/897] https://mubifinder.com/movie/wajib/
  Fetching: https://mubifinder.com/movie/wajib/
  [496/897] https://mubifinder.com/movie/rush-2013/
  Fetching: https://mubifinder.com/movie/rush-2013/
  [497/897] https://mubifinder.com/movie/a-strange-sight-to-behold-the-van-lake-monster/
  Fetching: https://mubifinder.com/movie/a-strange-sight-to-behold-the-van-lake-monster/
  [498/897] https://mubifinder.com/movie/crossing-2023-levan-akin/
  Fetching: https://mubifinder.com/movie/crossing-2023-levan-akin/
  [499/897] https://mubifinder.com/movie/birds-of-passage/
  Fetching: https://mubifinder.com/movie/birds-of-passage/
  [500/897] https://mubifinder.com/movie/hal-2022/
  Fetching: https://mubifinder.com/movie/hal-2022/
  [501/897] https://mubifinder.com/movie/muse-2024/
  Fetching: https://mubifinder.com/movie/muse-2024/
  [502/897] https://mubifinder.com/movie/how-to-disappear-2023/
  Fetching: https://mubifinder.com/movie/how-to-disappear-2023/
  [503/897] https://mubifinder.com/movie/fallen-leaves-2023/
  Fetching: https://mubifinder.com/movie/fallen-leaves-2023/
  [504/897] https://mubifinder.com/movie/born-in-flames/
  Fetching: https://mubifinder.com/movie/born-in-flames/
  [505/897] https://mubifinder.com/movie/crying-is-allowed-laughing-is-not/
  Fetching: https://mubifinder.com/movie/crying-is-allowed-laughing-is-not/
  [506/897] https://mubifinder.com/movie/leto/
  Fetching: https://mubifinder.com/movie/leto/
  [507/897] https://mubifinder.com/movie/an-angel-at-my-table/
  Fetching: https://mubifinder.com/movie/an-angel-at-my-table/
  [508/897] https://mubifinder.com/movie/minari/
  Fetching: https://mubifinder.com/movie/minari/
  [509/897] https://mubifinder.com/movie/the-holdovers/
  Fetching: https://mubifinder.com/movie/the-holdovers/
  [510/897] https://mubifinder.com/movie/grand-theft-hamlet/
  Fetching: https://mubifinder.com/movie/grand-theft-hamlet/
  [511/897] https://mubifinder.com/movie/apartman-boslugu/
  Fetching: https://mubifinder.com/movie/apartman-boslugu/
  [512/897] https://mubifinder.com/movie/transylvania/
  Fetching: https://mubifinder.com/movie/transylvania/
  [513/897] https://mubifinder.com/movie/shanghai-blues/
  Fetching: https://mubifinder.com/movie/shanghai-blues/
  [514/897] https://mubifinder.com/movie/manchester-by-the-sea/
  Fetching: https://mubifinder.com/movie/manchester-by-the-sea/
  [515/897] https://mubifinder.com/movie/pino/
  Fetching: https://mubifinder.com/movie/pino/
  [516/897] https://mubifinder.com/movie/l-avance/
  Fetching: https://mubifinder.com/movie/l-avance/
  [517/897] https://mubifinder.com/movie/matt-and-mara/
  Fetching: https://mubifinder.com/movie/matt-and-mara/
  [518/897] https://mubifinder.com/movie/a-hero-of-our-time-2022/
  Fetching: https://mubifinder.com/movie/a-hero-of-our-time-2022/
  [519/897] https://mubifinder.com/movie/me-and-the-other/
  Fetching: https://mubifinder.com/movie/me-and-the-other/
  [520/897] https://mubifinder.com/movie/the-girl-with-the-needle/
  Fetching: https://mubifinder.com/movie/the-girl-with-the-needle/
  [521/897] https://mubifinder.com/movie/beauty-is-not-a-sin/
  Fetching: https://mubifinder.com/movie/beauty-is-not-a-sin/
  [522/897] https://mubifinder.com/movie/touch-of-crude/
  Fetching: https://mubifinder.com/movie/touch-of-crude/
  [523/897] https://mubifinder.com/movie/the-here-after/
  Fetching: https://mubifinder.com/movie/the-here-after/
  [524/897] https://mubifinder.com/movie/sleep-of-the-crow/
  Fetching: https://mubifinder.com/movie/sleep-of-the-crow/
  [525/897] https://mubifinder.com/movie/mishima-a-life-in-four-chapters/
  Fetching: https://mubifinder.com/movie/mishima-a-life-in-four-chapters/
  [526/897] https://mubifinder.com/movie/pepe-2024/
  Fetching: https://mubifinder.com/movie/pepe-2024/
  [527/897] https://mubifinder.com/movie/the-protagonists-1999/
  Fetching: https://mubifinder.com/movie/the-protagonists-1999/
  [528/897] https://mubifinder.com/movie/pepi-luci-bom/
  Fetching: https://mubifinder.com/movie/pepi-luci-bom/
  [529/897] https://mubifinder.com/movie/bird/
  Fetching: https://mubifinder.com/movie/bird/
  [530/897] https://mubifinder.com/movie/allegorie-citadine/
  Fetching: https://mubifinder.com/movie/allegorie-citadine/
  [531/897] https://mubifinder.com/movie/dahomey/
  Fetching: https://mubifinder.com/movie/dahomey/
  [532/897] https://mubifinder.com/movie/emilia-perez/
  Fetching: https://mubifinder.com/movie/emilia-perez/
  [533/897] https://mubifinder.com/movie/trailer-of-the-film-that-will-never-exist-phony-wars/
  Fetching: https://mubifinder.com/movie/trailer-of-the-film-that-will-never-exist-phony-wars/
  [534/897] https://mubifinder.com/movie/working-girls/
  Fetching: https://mubifinder.com/movie/working-girls/
  [535/897] https://mubifinder.com/movie/shakti-2019/
  Fetching: https://mubifinder.com/movie/shakti-2019/
  [536/897] https://mubifinder.com/movie/the-magic-gloves/
  Fetching: https://mubifinder.com/movie/the-magic-gloves/
  [537/897] https://mubifinder.com/movie/silvia-prieto/
  Fetching: https://mubifinder.com/movie/silvia-prieto/
  [538/897] https://mubifinder.com/movie/rapado/
  Fetching: https://mubifinder.com/movie/rapado/
  [539/897] https://mubifinder.com/movie/ucurtmayi-vurmasinlar/
  Fetching: https://mubifinder.com/movie/ucurtmayi-vurmasinlar/
  [540/897] https://mubifinder.com/movie/witches/
  Fetching: https://mubifinder.com/movie/witches/
  [541/897] https://mubifinder.com/movie/an-odd-turn/
  Fetching: https://mubifinder.com/movie/an-odd-turn/
  [542/897] https://mubifinder.com/movie/orlando/
  Fetching: https://mubifinder.com/movie/orlando/
  [543/897] https://mubifinder.com/movie/yukis-sun/
  Fetching: https://mubifinder.com/movie/yukis-sun/
  [544/897] https://mubifinder.com/movie/the-substance/
  Fetching: https://mubifinder.com/movie/the-substance/
  [545/897] https://mubifinder.com/movie/swallow/
  Fetching: https://mubifinder.com/movie/swallow/
  [546/897] https://mubifinder.com/movie/revenge-2017/
  Fetching: https://mubifinder.com/movie/revenge-2017/
  [547/897] https://mubifinder.com/movie/self-portrait-as-a-coffee-pot-episode-5/
  Fetching: https://mubifinder.com/movie/self-portrait-as-a-coffee-pot-episode-5/
  [548/897] https://mubifinder.com/movie/self-portrait-as-a-coffee-pot-episode-9/
  Fetching: https://mubifinder.com/movie/self-portrait-as-a-coffee-pot-episode-9/
  [549/897] https://mubifinder.com/movie/self-portrait-as-a-coffee-pot-episode-8/
  Fetching: https://mubifinder.com/movie/self-portrait-as-a-coffee-pot-episode-8/
  [550/897] https://mubifinder.com/movie/self-portrait-as-a-coffee-pot-episode-7/
  Fetching: https://mubifinder.com/movie/self-portrait-as-a-coffee-pot-episode-7/
  [551/897] https://mubifinder.com/movie/self-portrait-as-a-coffee-pot-episode-6/
  Fetching: https://mubifinder.com/movie/self-portrait-as-a-coffee-pot-episode-6/
  [552/897] https://mubifinder.com/movie/self-portrait-as-a-coffee-pot-episode-2/
  Fetching: https://mubifinder.com/movie/self-portrait-as-a-coffee-pot-episode-2/
  [553/897] https://mubifinder.com/movie/self-portrait-as-a-coffee-pot-episode-1/
  Fetching: https://mubifinder.com/movie/self-portrait-as-a-coffee-pot-episode-1/
  [554/897] https://mubifinder.com/movie/self-portrait-as-a-coffee-pot-episode-4/
  Fetching: https://mubifinder.com/movie/self-portrait-as-a-coffee-pot-episode-4/
  [555/897] https://mubifinder.com/movie/self-portrait-as-a-coffee-pot-episode-3/
  Fetching: https://mubifinder.com/movie/self-portrait-as-a-coffee-pot-episode-3/
  [556/897] https://mubifinder.com/movie/occupied-city/
  Fetching: https://mubifinder.com/movie/occupied-city/
  [557/897] https://mubifinder.com/movie/bloodsuckers-2021/
  Fetching: https://mubifinder.com/movie/bloodsuckers-2021/
  [558/897] https://mubifinder.com/movie/humanist-vampire-seeking-consenting-suicidal-person/
  Fetching: https://mubifinder.com/movie/humanist-vampire-seeking-consenting-suicidal-person/
  [559/897] https://mubifinder.com/movie/a-place-without-fear/
  Fetching: https://mubifinder.com/movie/a-place-without-fear/
  [560/897] https://mubifinder.com/movie/the-fall/
  Fetching: https://mubifinder.com/movie/the-fall/
  [561/897] https://mubifinder.com/movie/reality-2014-coralie-fargeat/
  Fetching: https://mubifinder.com/movie/reality-2014-coralie-fargeat/
  [562/897] https://mubifinder.com/movie/her-first/
  Fetching: https://mubifinder.com/movie/her-first/
  [563/897] https://mubifinder.com/movie/my-first-film/
  Fetching: https://mubifinder.com/movie/my-first-film/
  [564/897] https://mubifinder.com/movie/caprice-1983/
  Fetching: https://mubifinder.com/movie/caprice-1983/
  [565/897] https://mubifinder.com/movie/faruk/
  Fetching: https://mubifinder.com/movie/faruk/
  [566/897] https://mubifinder.com/movie/ga-ga-glory-to-the-heroes/
  Fetching: https://mubifinder.com/movie/ga-ga-glory-to-the-heroes/
  [567/897] https://mubifinder.com/movie/golem/
  Fetching: https://mubifinder.com/movie/golem/
  [568/897] https://mubifinder.com/movie/o-bi-o-ba-the-end-of-civilization/
  Fetching: https://mubifinder.com/movie/o-bi-o-ba-the-end-of-civilization/
  [569/897] https://mubifinder.com/movie/the-war-of-the-world-next-centur/
  Fetching: https://mubifinder.com/movie/the-war-of-the-world-next-centur/
  [570/897] https://mubifinder.com/movie/the-sacrifice/
  Fetching: https://mubifinder.com/movie/the-sacrifice/
  [571/897] https://mubifinder.com/movie/the-hypnosis-2023/
  Fetching: https://mubifinder.com/movie/the-hypnosis-2023/
  [572/897] https://mubifinder.com/movie/hara-kiri-death-of-a-samurai/
  Fetching: https://mubifinder.com/movie/hara-kiri-death-of-a-samurai/
  [573/897] https://mubifinder.com/movie/memory-2023/
  Fetching: https://mubifinder.com/movie/memory-2023/
  [574/897] https://mubifinder.com/movie/i-had-a-dream-you-won-t-understand-even-if-i-tell/
  Fetching: https://mubifinder.com/movie/i-had-a-dream-you-won-t-understand-even-if-i-tell/
  [575/897] https://mubifinder.com/movie/coma-2022/
  Fetching: https://mubifinder.com/movie/coma-2022/
  [576/897] https://mubifinder.com/movie/eagle-vs-shark/
  Fetching: https://mubifinder.com/movie/eagle-vs-shark/
  [577/897] https://mubifinder.com/movie/control/
  Fetching: https://mubifinder.com/movie/control/
  [578/897] https://mubifinder.com/movie/dammi/
  Fetching: https://mubifinder.com/movie/dammi/
  [579/897] https://mubifinder.com/movie/rewind-play/
  Fetching: https://mubifinder.com/movie/rewind-play/
  [580/897] https://mubifinder.com/movie/crossing-the-bridge-the-sound-of-istanbul/
  Fetching: https://mubifinder.com/movie/crossing-the-bridge-the-sound-of-istanbul/
  [581/897] https://mubifinder.com/movie/this-closeness/
  Fetching: https://mubifinder.com/movie/this-closeness/
  [582/897] https://mubifinder.com/movie/actual-people/
  Fetching: https://mubifinder.com/movie/actual-people/
  [583/897] https://mubifinder.com/movie/shrooms-2023/
  Fetching: https://mubifinder.com/movie/shrooms-2023/
  [584/897] https://mubifinder.com/movie/incoherence/
  Fetching: https://mubifinder.com/movie/incoherence/
  [585/897] https://mubifinder.com/movie/made-in-england-the-films-of-powell-and-pressburger/
  Fetching: https://mubifinder.com/movie/made-in-england-the-films-of-powell-and-pressburger/
  [586/897] https://mubifinder.com/movie/-45365/
  Fetching: https://mubifinder.com/movie/-45365/
  [587/897] https://mubifinder.com/movie/gasoline-rainbow/
  Fetching: https://mubifinder.com/movie/gasoline-rainbow/
  [588/897] https://mubifinder.com/movie/the-time-masters/
  Fetching: https://mubifinder.com/movie/the-time-masters/
  [589/897] https://mubifinder.com/movie/fantastic-planet/
  Fetching: https://mubifinder.com/movie/fantastic-planet/
  [590/897] https://mubifinder.com/movie/do-not-expect-too-much-from-the-end-of-the-world/
  Fetching: https://mubifinder.com/movie/do-not-expect-too-much-from-the-end-of-the-world/
  [591/897] https://mubifinder.com/movie/high-low-john-galliano/
  Fetching: https://mubifinder.com/movie/high-low-john-galliano/
  [592/897] https://mubifinder.com/movie/perfect-days/
  Fetching: https://mubifinder.com/movie/perfect-days/
  [593/897] https://mubifinder.com/movie/yannick/
  Fetching: https://mubifinder.com/movie/yannick/
  [594/897] https://mubifinder.com/movie/the-settlers-2023/
  Fetching: https://mubifinder.com/movie/the-settlers-2023/
  [595/897] https://mubifinder.com/movie/the-last-year-of-darkness/
  Fetching: https://mubifinder.com/movie/the-last-year-of-darkness/
  [596/897] https://mubifinder.com/movie/the-making-of-priscilla/
  Fetching: https://mubifinder.com/movie/the-making-of-priscilla/
  [597/897] https://mubifinder.com/movie/priscilla/
  Fetching: https://mubifinder.com/movie/priscilla/
  [598/897] https://mubifinder.com/movie/la-antena/
  Fetching: https://mubifinder.com/movie/la-antena/
  [599/897] https://mubifinder.com/movie/meeting-the-man-james-baldwin-in-paris/
  Fetching: https://mubifinder.com/movie/meeting-the-man-james-baldwin-in-paris/
  [600/897] https://mubifinder.com/movie/how-to-have-sex/
  Fetching: https://mubifinder.com/movie/how-to-have-sex/
  [601/897] https://mubifinder.com/movie/los-delincuentes/
  Fetching: https://mubifinder.com/movie/los-delincuentes/
  [602/897] https://mubifinder.com/movie/inshallah-a-boy/
  Fetching: https://mubifinder.com/movie/inshallah-a-boy/
  [603/897] https://mubifinder.com/movie/tavern-man/
  Fetching: https://mubifinder.com/movie/tavern-man/
  [604/897] https://mubifinder.com/movie/le-havre/
  Fetching: https://mubifinder.com/movie/le-havre/
  [605/897] https://mubifinder.com/movie/the-foundry-2007/
  Fetching: https://mubifinder.com/movie/the-foundry-2007/
  [606/897] https://mubifinder.com/movie/lights-in-the-dusk/
  Fetching: https://mubifinder.com/movie/lights-in-the-dusk/
  [607/897] https://mubifinder.com/movie/the-man-without-a-past/
  Fetching: https://mubifinder.com/movie/the-man-without-a-past/
  [608/897] https://mubifinder.com/movie/juha/
  Fetching: https://mubifinder.com/movie/juha/
  [609/897] https://mubifinder.com/movie/drifting-clouds/
  Fetching: https://mubifinder.com/movie/drifting-clouds/
  [610/897] https://mubifinder.com/movie/total-balalaika-show/
  Fetching: https://mubifinder.com/movie/total-balalaika-show/
  [611/897] https://mubifinder.com/movie/leningrad-cowboys-meet-moses/
  Fetching: https://mubifinder.com/movie/leningrad-cowboys-meet-moses/
  [612/897] https://mubifinder.com/movie/leningrad-cowboys-these-boots/
  Fetching: https://mubifinder.com/movie/leningrad-cowboys-these-boots/
  [613/897] https://mubifinder.com/movie/take-care-of-your-scarf-tatiana/
  Fetching: https://mubifinder.com/movie/take-care-of-your-scarf-tatiana/
  [614/897] https://mubifinder.com/movie/the-bohemian-life/
  Fetching: https://mubifinder.com/movie/the-bohemian-life/
  [615/897] https://mubifinder.com/movie/those-were-the-days-1992/
  Fetching: https://mubifinder.com/movie/those-were-the-days-1992/
  [616/897] https://mubifinder.com/movie/i-hired-a-contract-killer/
  Fetching: https://mubifinder.com/movie/i-hired-a-contract-killer/
  [617/897] https://mubifinder.com/movie/the-match-factory-girl/
  Fetching: https://mubifinder.com/movie/the-match-factory-girl/
  [618/897] https://mubifinder.com/movie/leningrad-cowboys-go-america/
  Fetching: https://mubifinder.com/movie/leningrad-cowboys-go-america/
  [619/897] https://mubifinder.com/movie/ariel/
  Fetching: https://mubifinder.com/movie/ariel/
  [620/897] https://mubifinder.com/movie/thru-the-wire/
  Fetching: https://mubifinder.com/movie/thru-the-wire/
  [621/897] https://mubifinder.com/movie/melrose-rich-little-bitch/
  Fetching: https://mubifinder.com/movie/melrose-rich-little-bitch/
  [622/897] https://mubifinder.com/movie/rocky-vi/
  Fetching: https://mubifinder.com/movie/rocky-vi/
  [623/897] https://mubifinder.com/movie/hamlet-goes-business/
  Fetching: https://mubifinder.com/movie/hamlet-goes-business/
  [624/897] https://mubifinder.com/movie/calamari-union/
  Fetching: https://mubifinder.com/movie/calamari-union/
  [625/897] https://mubifinder.com/movie/shadows-in-paradise/
  Fetching: https://mubifinder.com/movie/shadows-in-paradise/
  [626/897] https://mubifinder.com/movie/crime-and-punishment-1983/
  Fetching: https://mubifinder.com/movie/crime-and-punishment-1983/
  [627/897] https://mubifinder.com/movie/un-film-dramatique/
  Fetching: https://mubifinder.com/movie/un-film-dramatique/
  [628/897] https://mubifinder.com/movie/passages-2022/
  Fetching: https://mubifinder.com/movie/passages-2022/
  [629/897] https://mubifinder.com/movie/emerald-cities/
  Fetching: https://mubifinder.com/movie/emerald-cities/
  [630/897] https://mubifinder.com/movie/house-of-seven-belles/
  Fetching: https://mubifinder.com/movie/house-of-seven-belles/
  [631/897] https://mubifinder.com/movie/the-believer-s-heaven/
  Fetching: https://mubifinder.com/movie/the-believer-s-heaven/
  [632/897] https://mubifinder.com/movie/the-burning-hell/
  Fetching: https://mubifinder.com/movie/the-burning-hell/
  [633/897] https://mubifinder.com/movie/walk-the-walk-1970/
  Fetching: https://mubifinder.com/movie/walk-the-walk-1970/
  [634/897] https://mubifinder.com/movie/cottonpickin-chickenpickers/
  Fetching: https://mubifinder.com/movie/cottonpickin-chickenpickers/
  [635/897] https://mubifinder.com/movie/she-man-a-story-of-fixation/
  Fetching: https://mubifinder.com/movie/she-man-a-story-of-fixation/
  [636/897] https://mubifinder.com/movie/hot-thrills-and-warm-chills/
  Fetching: https://mubifinder.com/movie/hot-thrills-and-warm-chills/
  [637/897] https://mubifinder.com/movie/if-footmen-tire-you-what-will-horses-do/
  Fetching: https://mubifinder.com/movie/if-footmen-tire-you-what-will-horses-do/
  [638/897] https://mubifinder.com/movie/shanty-tramp/
  Fetching: https://mubifinder.com/movie/shanty-tramp/
  [639/897] https://mubifinder.com/movie/spring-night-summer-night/
  Fetching: https://mubifinder.com/movie/spring-night-summer-night/
  [640/897] https://mubifinder.com/movie/one-shocking-moment/
  Fetching: https://mubifinder.com/movie/one-shocking-moment/
  [641/897] https://mubifinder.com/movie/chained-girls/
  Fetching: https://mubifinder.com/movie/chained-girls/
  [642/897] https://mubifinder.com/movie/murder-in-mississippi-1965/
  Fetching: https://mubifinder.com/movie/murder-in-mississippi-1965/
  [643/897] https://mubifinder.com/movie/the-girls-on-f-street/
  Fetching: https://mubifinder.com/movie/the-girls-on-f-street/
  [644/897] https://mubifinder.com/movie/the-nest-of-the-cuckoo-birds/
  Fetching: https://mubifinder.com/movie/the-nest-of-the-cuckoo-birds/
  [645/897] https://mubifinder.com/movie/orgy-of-the-dead/
  Fetching: https://mubifinder.com/movie/orgy-of-the-dead/
  [646/897] https://mubifinder.com/movie/olga-s-house-of-shame/
  Fetching: https://mubifinder.com/movie/olga-s-house-of-shame/
  [647/897] https://mubifinder.com/movie/stark-fear/
  Fetching: https://mubifinder.com/movie/stark-fear/
  [648/897] https://mubifinder.com/movie/house-on-bare-mountain/
  Fetching: https://mubifinder.com/movie/house-on-bare-mountain/
  [649/897] https://mubifinder.com/movie/wild-guitar/
  Fetching: https://mubifinder.com/movie/wild-guitar/
  [650/897] https://mubifinder.com/movie/satan-in-high-heels/
  Fetching: https://mubifinder.com/movie/satan-in-high-heels/
  [651/897] https://mubifinder.com/movie/night-tide/
  Fetching: https://mubifinder.com/movie/night-tide/
  [652/897] https://mubifinder.com/movie/guilty-bystander/
  Fetching: https://mubifinder.com/movie/guilty-bystander/
  [653/897] https://mubifinder.com/movie/the-future-tense/
  Fetching: https://mubifinder.com/movie/the-future-tense/
  [654/897] https://mubifinder.com/movie/medusa-deluxe/
  Fetching: https://mubifinder.com/movie/medusa-deluxe/
  [655/897] https://mubifinder.com/movie/meeting-jim/
  Fetching: https://mubifinder.com/movie/meeting-jim/
  [656/897] https://mubifinder.com/movie/the-searches/
  Fetching: https://mubifinder.com/movie/the-searches/
  [657/897] https://mubifinder.com/movie/rimini/
  Fetching: https://mubifinder.com/movie/rimini/
  [658/897] https://mubifinder.com/movie/return-to-seoul/
  Fetching: https://mubifinder.com/movie/return-to-seoul/
  [659/897] https://mubifinder.com/movie/one-fine-morning-2022/
  Fetching: https://mubifinder.com/movie/one-fine-morning-2022/
  [660/897] https://mubifinder.com/movie/antichrist/
  Fetching: https://mubifinder.com/movie/antichrist/
  [661/897] https://mubifinder.com/movie/les-cinq-diables/
  Fetching: https://mubifinder.com/movie/les-cinq-diables/
  [662/897] https://mubifinder.com/movie/love-deutschmark-and-death/
  Fetching: https://mubifinder.com/movie/love-deutschmark-and-death/
  [663/897] https://mubifinder.com/movie/the-boss-of-it-all/
  Fetching: https://mubifinder.com/movie/the-boss-of-it-all/
  [664/897] https://mubifinder.com/movie/close-2022/
  Fetching: https://mubifinder.com/movie/close-2022/
  [665/897] https://mubifinder.com/movie/manderlay/
  Fetching: https://mubifinder.com/movie/manderlay/
  [666/897] https://mubifinder.com/movie/dogville/
  Fetching: https://mubifinder.com/movie/dogville/
  [667/897] https://mubifinder.com/movie/chris-the-swiss/
  Fetching: https://mubifinder.com/movie/chris-the-swiss/
  [668/897] https://mubifinder.com/movie/please-baby-please/
  Fetching: https://mubifinder.com/movie/please-baby-please/
  [669/897] https://mubifinder.com/movie/the-five-obstructions/
  Fetching: https://mubifinder.com/movie/the-five-obstructions/
  [670/897] https://mubifinder.com/movie/leila-s-brothers/
  Fetching: https://mubifinder.com/movie/leila-s-brothers/
  [671/897] https://mubifinder.com/movie/dancer-in-the-dark/
  Fetching: https://mubifinder.com/movie/dancer-in-the-dark/
  [672/897] https://mubifinder.com/movie/the-idiots/
  Fetching: https://mubifinder.com/movie/the-idiots/
  [673/897] https://mubifinder.com/movie/alcarras/
  Fetching: https://mubifinder.com/movie/alcarras/
  [674/897] https://mubifinder.com/movie/breaking-the-waves/
  Fetching: https://mubifinder.com/movie/breaking-the-waves/
  [675/897] https://mubifinder.com/movie/battle-royale/
  Fetching: https://mubifinder.com/movie/battle-royale/
  [676/897] https://mubifinder.com/movie/europa/
  Fetching: https://mubifinder.com/movie/europa/
  [677/897] https://mubifinder.com/movie/epidemic/
  Fetching: https://mubifinder.com/movie/epidemic/
  [678/897] https://mubifinder.com/movie/the-element-of-crime/
  Fetching: https://mubifinder.com/movie/the-element-of-crime/
  [679/897] https://mubifinder.com/movie/aftersun/
  Fetching: https://mubifinder.com/movie/aftersun/
  [680/897] https://mubifinder.com/movie/exodus-2022/
  Fetching: https://mubifinder.com/movie/exodus-2022/
  [681/897] https://mubifinder.com/movie/barbarossa/
  Fetching: https://mubifinder.com/movie/barbarossa/
  [682/897] https://mubifinder.com/movie/rabiye-kurnaz-vs-george-w-bush/
  Fetching: https://mubifinder.com/movie/rabiye-kurnaz-vs-george-w-bush/
  [683/897] https://mubifinder.com/movie/big-brother-2022/
  Fetching: https://mubifinder.com/movie/big-brother-2022/
  [684/897] https://mubifinder.com/movie/decision-to-leave/
  Fetching: https://mubifinder.com/movie/decision-to-leave/
  [685/897] https://mubifinder.com/movie/blank-narcissus-passion-of-the-swamp/
  Fetching: https://mubifinder.com/movie/blank-narcissus-passion-of-the-swamp/
  [686/897] https://mubifinder.com/movie/the-congress-dances/
  Fetching: https://mubifinder.com/movie/the-congress-dances/
  [687/897] https://mubifinder.com/movie/halmar/
  Fetching: https://mubifinder.com/movie/halmar/
  [688/897] https://mubifinder.com/movie/pandaemonium-1997/
  Fetching: https://mubifinder.com/movie/pandaemonium-1997/
  [689/897] https://mubifinder.com/movie/mors-in-tabula/
  Fetching: https://mubifinder.com/movie/mors-in-tabula/
  [690/897] https://mubifinder.com/movie/gargantua-1997/
  Fetching: https://mubifinder.com/movie/gargantua-1997/
  [691/897] https://mubifinder.com/movie/birds-of-passage-1997/
  Fetching: https://mubifinder.com/movie/birds-of-passage-1997/
  [692/897] https://mubifinder.com/movie/the-living-dead-1994/
  Fetching: https://mubifinder.com/movie/the-living-dead-1994/
  [693/897] https://mubifinder.com/movie/thy-kingdom-come-1994/
  Fetching: https://mubifinder.com/movie/thy-kingdom-come-1994/
  [694/897] https://mubifinder.com/movie/the-unheavenly-host/
  Fetching: https://mubifinder.com/movie/the-unheavenly-host/
  [695/897] https://mubifinder.com/movie/a-foreign-body-1994/
  Fetching: https://mubifinder.com/movie/a-foreign-body-1994/
  [696/897] https://mubifinder.com/movie/the-box-2021-lorenzo-vigas/
  Fetching: https://mubifinder.com/movie/the-box-2021-lorenzo-vigas/
  [697/897] https://mubifinder.com/movie/time-to-love/
  Fetching: https://mubifinder.com/movie/time-to-love/
  [698/897] https://mubifinder.com/movie/the-african-desperate/
  Fetching: https://mubifinder.com/movie/the-african-desperate/
  [699/897] https://mubifinder.com/movie/free-chol-soo-lee/
  Fetching: https://mubifinder.com/movie/free-chol-soo-lee/
  [700/897] https://mubifinder.com/movie/invisible-demons/
  Fetching: https://mubifinder.com/movie/invisible-demons/
  [701/897] https://mubifinder.com/movie/one-second/
  Fetching: https://mubifinder.com/movie/one-second/
  [702/897] https://mubifinder.com/movie/a-chiara/
  Fetching: https://mubifinder.com/movie/a-chiara/
  [703/897] https://mubifinder.com/movie/the-humans/
  Fetching: https://mubifinder.com/movie/the-humans/
  [704/897] https://mubifinder.com/movie/faya-dayi/
  Fetching: https://mubifinder.com/movie/faya-dayi/
  [705/897] https://mubifinder.com/movie/crimes-of-the-future-2022/
  Fetching: https://mubifinder.com/movie/crimes-of-the-future-2022/
  [706/897] https://mubifinder.com/movie/terminal-norte/
  Fetching: https://mubifinder.com/movie/terminal-norte/
  [707/897] https://mubifinder.com/movie/pleasure-2020/
  Fetching: https://mubifinder.com/movie/pleasure-2020/
  [708/897] https://mubifinder.com/movie/red-black/
  Fetching: https://mubifinder.com/movie/red-black/
  [709/897] https://mubifinder.com/movie/les-olympiades/
  Fetching: https://mubifinder.com/movie/les-olympiades/
  [710/897] https://mubifinder.com/movie/great-freedom/
  Fetching: https://mubifinder.com/movie/great-freedom/
  [711/897] https://mubifinder.com/movie/the-absent-stone/
  Fetching: https://mubifinder.com/movie/the-absent-stone/
  [712/897] https://mubifinder.com/movie/lingui/
  Fetching: https://mubifinder.com/movie/lingui/
  [713/897] https://mubifinder.com/movie/train-again/
  Fetching: https://mubifinder.com/movie/train-again/
  [714/897] https://mubifinder.com/movie/motion-picture-la-sortie-des-ouvriers-de-lusine-lumiere-a-lyon/
  Fetching: https://mubifinder.com/movie/motion-picture-la-sortie-des-ouvriers-de-lusine-lumiere-a-lyon/
  [715/897] https://mubifinder.com/movie/miniatures-many-berlin-artists-in-hoisdorf/
  Fetching: https://mubifinder.com/movie/miniatures-many-berlin-artists-in-hoisdorf/
  [716/897] https://mubifinder.com/movie/lamb-2020/
  Fetching: https://mubifinder.com/movie/lamb-2020/
  [717/897] https://mubifinder.com/movie/petite-maman/
  Fetching: https://mubifinder.com/movie/petite-maman/
  [718/897] https://mubifinder.com/movie/taste-2021/
  Fetching: https://mubifinder.com/movie/taste-2021/
  [719/897] https://mubifinder.com/movie/cow-2021/
  Fetching: https://mubifinder.com/movie/cow-2021/
  [720/897] https://mubifinder.com/movie/benedetta/
  Fetching: https://mubifinder.com/movie/benedetta/
  [721/897] https://mubifinder.com/movie/get-ready/
  Fetching: https://mubifinder.com/movie/get-ready/
  [722/897] https://mubifinder.com/movie/titane/
  Fetching: https://mubifinder.com/movie/titane/
  [723/897] https://mubifinder.com/movie/what-do-we-see-when-we-look-at-the-sky/
  Fetching: https://mubifinder.com/movie/what-do-we-see-when-we-look-at-the-sky/
  [724/897] https://mubifinder.com/movie/fly-2011/
  Fetching: https://mubifinder.com/movie/fly-2011/
  [725/897] https://mubifinder.com/movie/lopez-street/
  Fetching: https://mubifinder.com/movie/lopez-street/
  [726/897] https://mubifinder.com/movie/azor/
  Fetching: https://mubifinder.com/movie/azor/
  [727/897] https://mubifinder.com/movie/manufraktur/
  Fetching: https://mubifinder.com/movie/manufraktur/
  [728/897] https://mubifinder.com/movie/the-second-game/
  Fetching: https://mubifinder.com/movie/the-second-game/
  [729/897] https://mubifinder.com/movie/cryptozoo/
  Fetching: https://mubifinder.com/movie/cryptozoo/
  [730/897] https://mubifinder.com/movie/an-appropriated-self-portrait/
  Fetching: https://mubifinder.com/movie/an-appropriated-self-portrait/
  [731/897] https://mubifinder.com/movie/sweat-2020/
  Fetching: https://mubifinder.com/movie/sweat-2020/
  [732/897] https://mubifinder.com/movie/first-cow/
  Fetching: https://mubifinder.com/movie/first-cow/
  [733/897] https://mubifinder.com/movie/shiva-baby-2020/
  Fetching: https://mubifinder.com/movie/shiva-baby-2020/
  [734/897] https://mubifinder.com/movie/lea/
  Fetching: https://mubifinder.com/movie/lea/
  [735/897] https://mubifinder.com/movie/plan-9-from-outer-space/
  Fetching: https://mubifinder.com/movie/plan-9-from-outer-space/
  [736/897] https://mubifinder.com/movie/a-cambodian-spring/
  Fetching: https://mubifinder.com/movie/a-cambodian-spring/
  [737/897] https://mubifinder.com/movie/casa-grande/
  Fetching: https://mubifinder.com/movie/casa-grande/
  [738/897] https://mubifinder.com/movie/soundtrack-to-war/
  Fetching: https://mubifinder.com/movie/soundtrack-to-war/
  [739/897] https://mubifinder.com/movie/traveling-on-one-leg/
  Fetching: https://mubifinder.com/movie/traveling-on-one-leg/
  [740/897] https://mubifinder.com/movie/le-park/
  Fetching: https://mubifinder.com/movie/le-park/
  [741/897] https://mubifinder.com/movie/the-factory-2011/
  Fetching: https://mubifinder.com/movie/the-factory-2011/
  [742/897] https://mubifinder.com/movie/beginning-2020/
  Fetching: https://mubifinder.com/movie/beginning-2020/
  [743/897] https://mubifinder.com/movie/baxter-vera-baxter/
  Fetching: https://mubifinder.com/movie/baxter-vera-baxter/
  [744/897] https://mubifinder.com/movie/the-disobedient/
  Fetching: https://mubifinder.com/movie/the-disobedient/
  [745/897] https://mubifinder.com/movie/manila/
  Fetching: https://mubifinder.com/movie/manila/
  [746/897] https://mubifinder.com/movie/zero-bridge/
  Fetching: https://mubifinder.com/movie/zero-bridge/
  [747/897] https://mubifinder.com/movie/severed-ways/
  Fetching: https://mubifinder.com/movie/severed-ways/
  [748/897] https://mubifinder.com/movie/jeny303/
  Fetching: https://mubifinder.com/movie/jeny303/
  [749/897] https://mubifinder.com/movie/la-libertad-2017/
  Fetching: https://mubifinder.com/movie/la-libertad-2017/
  [750/897] https://mubifinder.com/movie/the-famous-and-the-dead/
  Fetching: https://mubifinder.com/movie/the-famous-and-the-dead/
  [751/897] https://mubifinder.com/movie/larrivee/
  Fetching: https://mubifinder.com/movie/larrivee/
  [752/897] https://mubifinder.com/movie/dawson-city-frozen-time/
  Fetching: https://mubifinder.com/movie/dawson-city-frozen-time/
  [753/897] https://mubifinder.com/movie/sol-negro/
  Fetching: https://mubifinder.com/movie/sol-negro/
  [754/897] https://mubifinder.com/movie/hounds-of-love-2016/
  Fetching: https://mubifinder.com/movie/hounds-of-love-2016/
  [755/897] https://mubifinder.com/movie/special-flight/
  Fetching: https://mubifinder.com/movie/special-flight/
  [756/897] https://mubifinder.com/movie/horse-money/
  Fetching: https://mubifinder.com/movie/horse-money/
  [757/897] https://mubifinder.com/movie/in-the-name-of-christ/
  Fetching: https://mubifinder.com/movie/in-the-name-of-christ/
  [758/897] https://mubifinder.com/movie/the-jester/
  Fetching: https://mubifinder.com/movie/the-jester/
  [759/897] https://mubifinder.com/movie/charles-dead-or-alive/
  Fetching: https://mubifinder.com/movie/charles-dead-or-alive/
  [760/897] https://mubifinder.com/movie/dogs-don-t-wear-pants/
  Fetching: https://mubifinder.com/movie/dogs-don-t-wear-pants/
  [761/897] https://mubifinder.com/movie/it-felt-like-love/
  Fetching: https://mubifinder.com/movie/it-felt-like-love/
  [762/897] https://mubifinder.com/movie/la-pelicula-infinita/
  Fetching: https://mubifinder.com/movie/la-pelicula-infinita/
  [763/897] https://mubifinder.com/movie/signal-8/
  Fetching: https://mubifinder.com/movie/signal-8/
  [764/897] https://mubifinder.com/movie/good-manners/
  Fetching: https://mubifinder.com/movie/good-manners/
  [765/897] https://mubifinder.com/movie/family-romance-llc/
  Fetching: https://mubifinder.com/movie/family-romance-llc/
  [766/897] https://mubifinder.com/movie/my-skin-luminous/
  Fetching: https://mubifinder.com/movie/my-skin-luminous/
  [767/897] https://mubifinder.com/movie/minotaur-2015/
  Fetching: https://mubifinder.com/movie/minotaur-2015/
  [768/897] https://mubifinder.com/movie/white-ant/
  Fetching: https://mubifinder.com/movie/white-ant/
  [769/897] https://mubifinder.com/movie/le-moulin/
  Fetching: https://mubifinder.com/movie/le-moulin/
  [770/897] https://mubifinder.com/movie/flowers-of-taipei-taiwan-new-cinema/
  Fetching: https://mubifinder.com/movie/flowers-of-taipei-taiwan-new-cinema/
  [771/897] https://mubifinder.com/movie/within-our-gates/
  Fetching: https://mubifinder.com/movie/within-our-gates/
  [772/897] https://mubifinder.com/movie/popeye-the-sailor-meets-sindbad-the-sailor/
  Fetching: https://mubifinder.com/movie/popeye-the-sailor-meets-sindbad-the-sailor/
  [773/897] https://mubifinder.com/movie/two-gun-shots/
  Fetching: https://mubifinder.com/movie/two-gun-shots/
  [774/897] https://mubifinder.com/movie/b-for-boy/
  Fetching: https://mubifinder.com/movie/b-for-boy/
  [775/897] https://mubifinder.com/movie/le-grand-bassin/
  Fetching: https://mubifinder.com/movie/le-grand-bassin/
  [776/897] https://mubifinder.com/movie/letters-to-max/
  Fetching: https://mubifinder.com/movie/letters-to-max/
  [777/897] https://mubifinder.com/movie/escape-2009/
  Fetching: https://mubifinder.com/movie/escape-2009/
  [778/897] https://mubifinder.com/movie/my-name-is-annemarie-schwarzenbach/
  Fetching: https://mubifinder.com/movie/my-name-is-annemarie-schwarzenbach/
  [779/897] https://mubifinder.com/movie/scott-walker-30-century-man/
  Fetching: https://mubifinder.com/movie/scott-walker-30-century-man/
  [780/897] https://mubifinder.com/movie/occidental/
  Fetching: https://mubifinder.com/movie/occidental/
  [781/897] https://mubifinder.com/movie/brothers-of-the-night/
  Fetching: https://mubifinder.com/movie/brothers-of-the-night/
  [782/897] https://mubifinder.com/movie/call-me-marianna/
  Fetching: https://mubifinder.com/movie/call-me-marianna/
  [783/897] https://mubifinder.com/movie/living-still-life/
  Fetching: https://mubifinder.com/movie/living-still-life/
  [784/897] https://mubifinder.com/movie/boro-in-the-box/
  Fetching: https://mubifinder.com/movie/boro-in-the-box/
  [785/897] https://mubifinder.com/movie/an-anthropological-television-myth/
  Fetching: https://mubifinder.com/movie/an-anthropological-television-myth/
  [786/897] https://mubifinder.com/movie/bonsai-2016/
  Fetching: https://mubifinder.com/movie/bonsai-2016/
  [787/897] https://mubifinder.com/movie/granny-s-dancing-on-the-table/
  Fetching: https://mubifinder.com/movie/granny-s-dancing-on-the-table/
  [788/897] https://mubifinder.com/movie/baby-bump/
  Fetching: https://mubifinder.com/movie/baby-bump/
  [789/897] https://mubifinder.com/movie/manito/
  Fetching: https://mubifinder.com/movie/manito/
  [790/897] https://mubifinder.com/movie/the-odds/
  Fetching: https://mubifinder.com/movie/the-odds/
  [791/897] https://mubifinder.com/movie/in-omaggio-all-arte-italiana/
  Fetching: https://mubifinder.com/movie/in-omaggio-all-arte-italiana/
  [792/897] https://mubifinder.com/movie/cinerama-s-russian-adventure/
  Fetching: https://mubifinder.com/movie/cinerama-s-russian-adventure/
  [793/897] https://mubifinder.com/movie/the-best-of-cinerama/
  Fetching: https://mubifinder.com/movie/the-best-of-cinerama/
  [794/897] https://mubifinder.com/movie/where-is-the-jungle/
  Fetching: https://mubifinder.com/movie/where-is-the-jungle/
  [795/897] https://mubifinder.com/movie/paris-05-59/
  Fetching: https://mubifinder.com/movie/paris-05-59/
  [796/897] https://mubifinder.com/movie/papirosen/
  Fetching: https://mubifinder.com/movie/papirosen/
  [797/897] https://mubifinder.com/movie/my-friend-from-the-park/
  Fetching: https://mubifinder.com/movie/my-friend-from-the-park/
  [798/897] https://mubifinder.com/movie/kimjongilia/
  Fetching: https://mubifinder.com/movie/kimjongilia/
  [799/897] https://mubifinder.com/movie/crayons-of-askalan/
  Fetching: https://mubifinder.com/movie/crayons-of-askalan/
  [800/897] https://mubifinder.com/movie/dont-expect-too-much/
  Fetching: https://mubifinder.com/movie/dont-expect-too-much/
  [801/897] https://mubifinder.com/movie/radio-mary/
  Fetching: https://mubifinder.com/movie/radio-mary/
  [802/897] https://mubifinder.com/movie/the-dream-of-lu/
  Fetching: https://mubifinder.com/movie/the-dream-of-lu/
  [803/897] https://mubifinder.com/movie/a-radiant-life/
  Fetching: https://mubifinder.com/movie/a-radiant-life/
  [804/897] https://mubifinder.com/movie/buffalo-juggalos/
  Fetching: https://mubifinder.com/movie/buffalo-juggalos/
  [805/897] https://mubifinder.com/movie/malaventura/
  Fetching: https://mubifinder.com/movie/malaventura/
  [806/897] https://mubifinder.com/movie/indecent-desires/
  Fetching: https://mubifinder.com/movie/indecent-desires/
  [807/897] https://mubifinder.com/movie/bad-girls-go-to-hell/
  Fetching: https://mubifinder.com/movie/bad-girls-go-to-hell/
  [808/897] https://mubifinder.com/movie/nude-on-the-moon/
  Fetching: https://mubifinder.com/movie/nude-on-the-moon/
  [809/897] https://mubifinder.com/movie/opium-2016/
  Fetching: https://mubifinder.com/movie/opium-2016/
  [810/897] https://mubifinder.com/movie/from-what-is-before/
  Fetching: https://mubifinder.com/movie/from-what-is-before/
  [811/897] https://mubifinder.com/movie/isabella-morra/
  Fetching: https://mubifinder.com/movie/isabella-morra/
  [812/897] https://mubifinder.com/movie/from-the-reports-of-security-guards-patrol-services-no1/
  Fetching: https://mubifinder.com/movie/from-the-reports-of-security-guards-patrol-services-no1/
  [813/897] https://mubifinder.com/movie/century-of-birthing/
  Fetching: https://mubifinder.com/movie/century-of-birthing/
  [814/897] https://mubifinder.com/movie/the-modern-jungle/
  Fetching: https://mubifinder.com/movie/the-modern-jungle/
  [815/897] https://mubifinder.com/movie/rouge-2015/
  Fetching: https://mubifinder.com/movie/rouge-2015/
  [816/897] https://mubifinder.com/movie/the-valley-below/
  Fetching: https://mubifinder.com/movie/the-valley-below/
  [817/897] https://mubifinder.com/movie/storm-children-book-one/
  Fetching: https://mubifinder.com/movie/storm-children-book-one/
  [818/897] https://mubifinder.com/movie/nana-2011/
  Fetching: https://mubifinder.com/movie/nana-2011/
  [819/897] https://mubifinder.com/movie/the-wife-master/
  Fetching: https://mubifinder.com/movie/the-wife-master/
  [820/897] https://mubifinder.com/movie/florentina-hubaldo-cte/
  Fetching: https://mubifinder.com/movie/florentina-hubaldo-cte/
  [821/897] https://mubifinder.com/movie/shes-lost-control/
  Fetching: https://mubifinder.com/movie/shes-lost-control/
  [822/897] https://mubifinder.com/movie/the-fortress-2008/
  Fetching: https://mubifinder.com/movie/the-fortress-2008/
  [823/897] https://mubifinder.com/movie/the-imprint/
  Fetching: https://mubifinder.com/movie/the-imprint/
  [824/897] https://mubifinder.com/movie/fogo/
  Fetching: https://mubifinder.com/movie/fogo/
  [825/897] https://mubifinder.com/movie/primer/
  Fetching: https://mubifinder.com/movie/primer/
  [826/897] https://mubifinder.com/movie/an-investigation-on-the-night-that-wont-forget/
  Fetching: https://mubifinder.com/movie/an-investigation-on-the-night-that-wont-forget/
  [827/897] https://mubifinder.com/movie/outer-space/
  Fetching: https://mubifinder.com/movie/outer-space/
  [828/897] https://mubifinder.com/movie/trash-humpers/
  Fetching: https://mubifinder.com/movie/trash-humpers/
  [829/897] https://mubifinder.com/movie/ok-good/
  Fetching: https://mubifinder.com/movie/ok-good/
  [830/897] https://mubifinder.com/movie/elegy-to-the-visitor-from-the-revolution/
  Fetching: https://mubifinder.com/movie/elegy-to-the-visitor-from-the-revolution/
  [831/897] https://mubifinder.com/movie/arcadia/
  Fetching: https://mubifinder.com/movie/arcadia/
  [832/897] https://mubifinder.com/movie/the-matador-2008/
  Fetching: https://mubifinder.com/movie/the-matador-2008/
  [833/897] https://mubifinder.com/movie/the-mutability-of-all-things-and-the-possibility-of-changing-some/
  Fetching: https://mubifinder.com/movie/the-mutability-of-all-things-and-the-possibility-of-changing-some/
  [834/897] https://mubifinder.com/movie/toomelah/
  Fetching: https://mubifinder.com/movie/toomelah/
  [835/897] https://mubifinder.com/movie/hide-and-seek-2013-saadat-munir/
  Fetching: https://mubifinder.com/movie/hide-and-seek-2013-saadat-munir/
  [836/897] https://mubifinder.com/movie/hail/
  Fetching: https://mubifinder.com/movie/hail/
  [837/897] https://mubifinder.com/movie/melancholia/
  Fetching: https://mubifinder.com/movie/melancholia/
  [838/897] https://mubifinder.com/movie/the-ghost-that-never-returns/
  Fetching: https://mubifinder.com/movie/the-ghost-that-never-returns/
  [839/897] https://mubifinder.com/movie/a-master-builder/
  Fetching: https://mubifinder.com/movie/a-master-builder/
  [840/897] https://mubifinder.com/movie/white-turnips-make-it-hard-to-sleep/
  Fetching: https://mubifinder.com/movie/white-turnips-make-it-hard-to-sleep/
  [841/897] https://mubifinder.com/movie/for-you-i-will-fight/
  Fetching: https://mubifinder.com/movie/for-you-i-will-fight/
  [842/897] https://mubifinder.com/movie/charlies-country/
  Fetching: https://mubifinder.com/movie/charlies-country/
  [843/897] https://mubifinder.com/movie/a-teacher/
  Fetching: https://mubifinder.com/movie/a-teacher/
  [844/897] https://mubifinder.com/movie/manuela-jankovic-s-war/
  Fetching: https://mubifinder.com/movie/manuela-jankovic-s-war/
  [845/897] https://mubifinder.com/movie/memphis-2013/
  Fetching: https://mubifinder.com/movie/memphis-2013/
  [846/897] https://mubifinder.com/movie/arranged/
  Fetching: https://mubifinder.com/movie/arranged/
  [847/897] https://mubifinder.com/movie/heremias-book-one-the-legend-of-the-lizard-princess/
  Fetching: https://mubifinder.com/movie/heremias-book-one-the-legend-of-the-lizard-princess/
  [848/897] https://mubifinder.com/movie/arena-azteca-budokan/
  Fetching: https://mubifinder.com/movie/arena-azteca-budokan/
  [849/897] https://mubifinder.com/movie/king-of-belgians/
  Fetching: https://mubifinder.com/movie/king-of-belgians/
  [850/897] https://mubifinder.com/movie/further-beyond/
  Fetching: https://mubifinder.com/movie/further-beyond/
  [851/897] https://mubifinder.com/movie/i-wont-come-back/
  Fetching: https://mubifinder.com/movie/i-wont-come-back/
  [852/897] https://mubifinder.com/movie/evolution-of-a-filipino-family/
  Fetching: https://mubifinder.com/movie/evolution-of-a-filipino-family/
  [853/897] https://mubifinder.com/movie/another-country-2015/
  Fetching: https://mubifinder.com/movie/another-country-2015/
  [854/897] https://mubifinder.com/movie/you-are-here/
  Fetching: https://mubifinder.com/movie/you-are-here/
  [855/897] https://mubifinder.com/movie/rocket-rain/
  Fetching: https://mubifinder.com/movie/rocket-rain/
  [856/897] https://mubifinder.com/movie/the-reconstruction/
  Fetching: https://mubifinder.com/movie/the-reconstruction/
  [857/897] https://mubifinder.com/movie/10000-km/
  Fetching: https://mubifinder.com/movie/10000-km/
  [858/897] https://mubifinder.com/movie/la-paz-in-buenos-aires/
  Fetching: https://mubifinder.com/movie/la-paz-in-buenos-aires/
  [859/897] https://mubifinder.com/movie/plastic-and-glass/
  Fetching: https://mubifinder.com/movie/plastic-and-glass/
  [860/897] https://mubifinder.com/movie/merry-go-round/
  Fetching: https://mubifinder.com/movie/merry-go-round/
  [861/897] https://mubifinder.com/movie/bad-seed-1934/
  Fetching: https://mubifinder.com/movie/bad-seed-1934/
  [862/897] https://mubifinder.com/movie/noroit/
  Fetching: https://mubifinder.com/movie/noroit/
  [863/897] https://mubifinder.com/movie/duelle/
  Fetching: https://mubifinder.com/movie/duelle/
  [864/897] https://mubifinder.com/movie/the-future-2013/
  Fetching: https://mubifinder.com/movie/the-future-2013/
  [865/897] https://mubifinder.com/movie/parador-hungaro/
  Fetching: https://mubifinder.com/movie/parador-hungaro/
  [866/897] https://mubifinder.com/movie/the-reluctant-revolutionary/
  Fetching: https://mubifinder.com/movie/the-reluctant-revolutionary/
  [867/897] https://mubifinder.com/movie/the-skywalk-is-gone/
  Fetching: https://mubifinder.com/movie/the-skywalk-is-gone/
  [868/897] https://mubifinder.com/movie/dance-party-usa/
  Fetching: https://mubifinder.com/movie/dance-party-usa/
  [869/897] https://mubifinder.com/movie/killer-bait/
  Fetching: https://mubifinder.com/movie/killer-bait/
  [870/897] https://mubifinder.com/movie/jess-moss/
  Fetching: https://mubifinder.com/movie/jess-moss/
  [871/897] https://mubifinder.com/movie/sheep-2013/
  Fetching: https://mubifinder.com/movie/sheep-2013/
  [872/897] https://mubifinder.com/movie/we-cant-go-home-again/
  Fetching: https://mubifinder.com/movie/we-cant-go-home-again/
  [873/897] https://mubifinder.com/movie/blind-pig-who-wants-to-fly/
  Fetching: https://mubifinder.com/movie/blind-pig-who-wants-to-fly/
  [874/897] https://mubifinder.com/movie/land-of-my-dreams/
  Fetching: https://mubifinder.com/movie/land-of-my-dreams/
  [875/897] https://mubifinder.com/movie/something-anything/
  Fetching: https://mubifinder.com/movie/something-anything/
  [876/897] https://mubifinder.com/movie/waging-war/
  Fetching: https://mubifinder.com/movie/waging-war/
  [877/897] https://mubifinder.com/movie/the-anabasis-of-may-and-fusako-shigenobu-masao-adachi-and-the-27-years-without-images/
  Fetching: https://mubifinder.com/movie/the-anabasis-of-may-and-fusako-shigenobu-masao-adachi-and-the-27-years-without-images/
  [878/897] https://mubifinder.com/movie/dream-work/
  Fetching: https://mubifinder.com/movie/dream-work/
  [879/897] https://mubifinder.com/movie/teddy-bear-2012/
  Fetching: https://mubifinder.com/movie/teddy-bear-2012/
  [880/897] https://mubifinder.com/movie/cave-of-forgotten-dreams/
  Fetching: https://mubifinder.com/movie/cave-of-forgotten-dreams/
  [881/897] https://mubifinder.com/movie/terri/
  Fetching: https://mubifinder.com/movie/terri/
  [882/897] https://mubifinder.com/movie/garden-of-delights/
  Fetching: https://mubifinder.com/movie/garden-of-delights/
  [883/897] https://mubifinder.com/movie/baghead/
  Fetching: https://mubifinder.com/movie/baghead/
  [884/897] https://mubifinder.com/movie/following-diana/
  Fetching: https://mubifinder.com/movie/following-diana/
  [885/897] https://mubifinder.com/movie/the-temptation-of-st-tony/
  Fetching: https://mubifinder.com/movie/the-temptation-of-st-tony/
  [886/897] https://mubifinder.com/movie/a-funny-man/
  Fetching: https://mubifinder.com/movie/a-funny-man/
  [887/897] https://mubifinder.com/movie/altiplano/
  Fetching: https://mubifinder.com/movie/altiplano/
  [888/897] https://mubifinder.com/movie/applause/
  Fetching: https://mubifinder.com/movie/applause/
  [889/897] https://mubifinder.com/movie/autumn-ball/
  Fetching: https://mubifinder.com/movie/autumn-ball/
  [890/897] https://mubifinder.com/movie/suicide-room/
  Fetching: https://mubifinder.com/movie/suicide-room/
  [891/897] https://mubifinder.com/movie/as-long-as-shotguns-remain/
  Fetching: https://mubifinder.com/movie/as-long-as-shotguns-remain/
  [892/897] https://mubifinder.com/movie/amy-george/
  Fetching: https://mubifinder.com/movie/amy-george/
  [893/897] https://mubifinder.com/movie/9-muses-of-star-empire/
  Fetching: https://mubifinder.com/movie/9-muses-of-star-empire/
  [894/897] https://mubifinder.com/movie/the-green-wave/
  Fetching: https://mubifinder.com/movie/the-green-wave/
  [895/897] https://mubifinder.com/movie/the-queen-of-hearts-2009/
  Fetching: https://mubifinder.com/movie/the-queen-of-hearts-2009/
  [896/897] https://mubifinder.com/movie/beast-2011/
  Fetching: https://mubifinder.com/movie/beast-2011/
  [897/897] https://mubifinder.com/movie/ashes/
  Fetching: https://mubifinder.com/movie/ashes/

Feature films (after filtering series/episodes): 836
  (Removed 61 series/episodes)
Saved → mubifinder_turkey_available.csv
